"","wav.file","center.freq","high.freq","noise.valuedb","noise.file"
"1","S00974_20190805_084413.wav",100,112,27.4853107108778,2
"2","S00974_20190805_084413.wav",125,141,27.8906519051181,2
"3","S00974_20190805_084413.wav",160,178,27.162180278468,2
"4","S00974_20190805_084413.wav",200,224,27.191520280449,2
"5","S00974_20190805_084413.wav",250,282,26.7075741000739,2
"6","S00974_20190805_084413.wav",315,355,26.863691764496,2
"7","S00974_20190805_084413.wav",400,447,26.5642412027817,2
"8","S00974_20190805_084413.wav",500,562,27.2704853176274,2
"9","S00974_20190805_084413.wav",630,708,26.8313783368718,2
"10","S00974_20190805_084413.wav",800,891,27.1342439645231,2
"11","S00974_20190805_084413.wav",1000,1122,27.0777201227545,2
"12","S00974_20190805_084413.wav",1250,1413,27.3711162647742,2
"13","S00974_20190805_084413.wav",1600,1778,27.4164415821718,2
"14","S00974_20190805_084413.wav",2000,2239,27.2958446133241,2
"15","S00974_20190805_084413.wav",2500,2818,27.8151993399835,2
"16","S00974_20190805_084413.wav",3150,3548,34.212297287955,2
"17","S00974_20190805_084413.wav",4000,4467,28.5809877063225,2
"18","S00974_20190805_084413.wav",5000,5623,28.7088066952016,2
"19","S00974_20190805_084413.wav",6300,7079,29.8553622600196,2
"20","S00974_20190805_144415.wav",100,112,27.6549831060352,2
"21","S00974_20190805_144415.wav",125,141,26.4577354450156,2
"22","S00974_20190805_144415.wav",160,178,27.1332493659883,2
"23","S00974_20190805_144415.wav",200,224,27.1717880445967,2
"24","S00974_20190805_144415.wav",250,282,27.1529930544937,2
"25","S00974_20190805_144415.wav",315,355,26.7957941018354,2
"26","S00974_20190805_144415.wav",400,447,26.4425000511987,2
"27","S00974_20190805_144415.wav",500,562,26.2792220885379,2
"28","S00974_20190805_144415.wav",630,708,27.0857913601753,2
"29","S00974_20190805_144415.wav",800,891,26.7091121809351,2
"30","S00974_20190805_144415.wav",1000,1122,26.9423877157819,2
"31","S00974_20190805_144415.wav",1250,1413,27.2172750815877,2
"32","S00974_20190805_144415.wav",1600,1778,27.3029671315609,2
"33","S00974_20190805_144415.wav",2000,2239,27.4565396061588,2
"34","S00974_20190805_144415.wav",2500,2818,28.0937023674504,2
"35","S00974_20190805_144415.wav",3150,3548,30.8674708538211,2
"36","S00974_20190805_144415.wav",4000,4467,28.3726541634526,2
"37","S00974_20190805_144415.wav",5000,5623,28.8708340533002,2
"38","S00974_20190805_144415.wav",6300,7079,29.5083996498679,2
"39","S00974_20190805_154415.wav",100,112,27.1302072656784,2
"40","S00974_20190805_154415.wav",125,141,27.3267937865008,2
"41","S00974_20190805_154415.wav",160,178,27.1198752976415,2
"42","S00974_20190805_154415.wav",200,224,27.0405813580022,2
"43","S00974_20190805_154415.wav",250,282,26.9172471223423,2
"44","S00974_20190805_154415.wav",315,355,26.7255112586472,2
"45","S00974_20190805_154415.wav",400,447,26.7454013214144,2
"46","S00974_20190805_154415.wav",500,562,26.934016985926,2
"47","S00974_20190805_154415.wav",630,708,26.4889974840165,2
"48","S00974_20190805_154415.wav",800,891,26.7565757483833,2
"49","S00974_20190805_154415.wav",1000,1122,26.7273104077388,2
"50","S00974_20190805_154415.wav",1250,1413,27.1794304814834,2
"51","S00974_20190805_154415.wav",1600,1778,27.4158072050316,2
"52","S00974_20190805_154415.wav",2000,2239,27.2299311945187,2
"53","S00974_20190805_154415.wav",2500,2818,27.6663245187055,2
"54","S00974_20190805_154415.wav",3150,3548,27.9017778492756,2
"55","S00974_20190805_154415.wav",4000,4467,28.1941072928717,2
"56","S00974_20190805_154415.wav",5000,5623,28.7398703427774,2
"57","S00974_20190805_154415.wav",6300,7079,28.9440142913353,2
"58","S00974_20190805_164416.wav",100,112,27.9566237550046,2
"59","S00974_20190805_164416.wav",125,141,24.8539167043246,2
"60","S00974_20190805_164416.wav",160,178,26.5872695419065,2
"61","S00974_20190805_164416.wav",200,224,26.8026369592764,2
"62","S00974_20190805_164416.wav",250,282,27.0169291566581,2
"63","S00974_20190805_164416.wav",315,355,26.7398113948556,2
"64","S00974_20190805_164416.wav",400,447,26.7481053536444,2
"65","S00974_20190805_164416.wav",500,562,26.8070159244433,2
"66","S00974_20190805_164416.wav",630,708,26.7288841202177,2
"67","S00974_20190805_164416.wav",800,891,26.7090965693319,2
"68","S00974_20190805_164416.wav",1000,1122,26.5380141215051,2
"69","S00974_20190805_164416.wav",1250,1413,26.9821552509735,2
"70","S00974_20190805_164416.wav",1600,1778,27.4012198946139,2
"71","S00974_20190805_164416.wav",2000,2239,27.5430923228545,2
"72","S00974_20190805_164416.wav",2500,2818,27.666400829451,2
"73","S00974_20190805_164416.wav",3150,3548,28.0084209971169,2
"74","S00974_20190805_164416.wav",4000,4467,28.2771245726514,2
"75","S00974_20190805_164416.wav",5000,5623,28.563975919104,2
"76","S00974_20190805_164416.wav",6300,7079,33.3415991000781,2
"77","S00974_20190805_174416.wav",100,112,26.6390101100861,2
"78","S00974_20190805_174416.wav",125,141,26.7190027071703,2
"79","S00974_20190805_174416.wav",160,178,27.6012551491044,2
"80","S00974_20190805_174416.wav",200,224,26.5529305524721,2
"81","S00974_20190805_174416.wav",250,282,27.0806869756375,2
"82","S00974_20190805_174416.wav",315,355,26.4390935462356,2
"83","S00974_20190805_174416.wav",400,447,26.2415475536855,2
"84","S00974_20190805_174416.wav",500,562,26.5615583737005,2
"85","S00974_20190805_174416.wav",630,708,26.4118739127643,2
"86","S00974_20190805_174416.wav",800,891,26.5628394487753,2
"87","S00974_20190805_174416.wav",1000,1122,26.7924781984109,2
"88","S00974_20190805_174416.wav",1250,1413,27.0973786018707,2
"89","S00974_20190805_174416.wav",1600,1778,27.323668279363,2
"90","S00974_20190805_174416.wav",2000,2239,27.3907385382124,2
"91","S00974_20190805_174416.wav",2500,2818,34.3911218482722,2
"92","S00974_20190805_174416.wav",3150,3548,41.1094061311548,2
"93","S00974_20190805_174416.wav",4000,4467,46.6212749665358,2
"94","S00974_20190805_174416.wav",5000,5623,39.9686094106927,2
"95","S00974_20190805_174416.wav",6300,7079,36.2875949676277,2
"96","S00974_20190805_184416.wav",100,112,27.3167073536147,2
"97","S00974_20190805_184416.wav",125,141,27.3406599508553,2
"98","S00974_20190805_184416.wav",160,178,27.1302223249947,2
"99","S00974_20190805_184416.wav",200,224,27.0519982015402,2
"100","S00974_20190805_184416.wav",250,282,26.744000133439,2
"101","S00974_20190805_184416.wav",315,355,26.5918832921994,2
"102","S00974_20190805_184416.wav",400,447,26.5219329691464,2
"103","S00974_20190805_184416.wav",500,562,26.1497146116289,2
"104","S00974_20190805_184416.wav",630,708,26.6264111713803,2
"105","S00974_20190805_184416.wav",800,891,26.7346106753098,2
"106","S00974_20190805_184416.wav",1000,1122,27.0076968183899,2
"107","S00974_20190805_184416.wav",1250,1413,27.168873769123,2
"108","S00974_20190805_184416.wav",1600,1778,27.5128799535776,2
"109","S00974_20190805_184416.wav",2000,2239,27.6241434860642,2
"110","S00974_20190805_184416.wav",2500,2818,28.6424090947277,2
"111","S00974_20190805_184416.wav",3150,3548,32.8754027494499,2
"112","S00974_20190805_184416.wav",4000,4467,42.1884693462732,2
"113","S00974_20190805_184416.wav",5000,5623,36.9595503366137,2
"114","S00974_20190805_184416.wav",6300,7079,37.3865175680987,2
"115","S00974_20190805_194417.wav",100,112,26.9517362490744,2
"116","S00974_20190805_194417.wav",125,141,26.7155487068443,2
"117","S00974_20190805_194417.wav",160,178,27.3120601905426,2
"118","S00974_20190805_194417.wav",200,224,27.9411039119816,2
"119","S00974_20190805_194417.wav",250,282,27.4026458621758,2
"120","S00974_20190805_194417.wav",315,355,26.858056087343,2
"121","S00974_20190805_194417.wav",400,447,26.4668307655054,2
"122","S00974_20190805_194417.wav",500,562,27.1814655689119,2
"123","S00974_20190805_194417.wav",630,708,26.6777631732237,2
"124","S00974_20190805_194417.wav",800,891,26.6967159199253,2
"125","S00974_20190805_194417.wav",1000,1122,27.1200854601412,2
"126","S00974_20190805_194417.wav",1250,1413,27.4782038714706,2
"127","S00974_20190805_194417.wav",1600,1778,27.720566697853,2
"128","S00974_20190805_194417.wav",2000,2239,27.4882399735633,2
"129","S00974_20190805_194417.wav",2500,2818,28.7337863188133,2
"130","S00974_20190805_194417.wav",3150,3548,32.9446154628434,2
"131","S00974_20190805_194417.wav",4000,4467,40.6661658819838,2
"132","S00974_20190805_194417.wav",5000,5623,37.5012920048845,2
"133","S00974_20190805_194417.wav",6300,7079,35.9180900669036,2
"134","S00974_20190805_204417.wav",100,112,27.014540962464,2
"135","S00974_20190805_204417.wav",125,141,27.3975029391992,2
"136","S00974_20190805_204417.wav",160,178,26.7831000158829,2
"137","S00974_20190805_204417.wav",200,224,27.1285873320979,2
"138","S00974_20190805_204417.wav",250,282,26.1867033479125,2
"139","S00974_20190805_204417.wav",315,355,26.6651549910219,2
"140","S00974_20190805_204417.wav",400,447,26.1902400515365,2
"141","S00974_20190805_204417.wav",500,562,26.338489764518,2
"142","S00974_20190805_204417.wav",630,708,26.6945049484389,2
"143","S00974_20190805_204417.wav",800,891,26.6113741412198,2
"144","S00974_20190805_204417.wav",1000,1122,27.2221767804791,2
"145","S00974_20190805_204417.wav",1250,1413,27.6663344888643,2
"146","S00974_20190805_204417.wav",1600,1778,28.3869911001189,2
"147","S00974_20190805_204417.wav",2000,2239,38.7966778840226,2
"148","S00974_20190805_204417.wav",2500,2818,34.7741959855798,2
"149","S00974_20190805_204417.wav",3150,3548,31.6803971487331,2
"150","S00974_20190805_204417.wav",4000,4467,38.5384547033863,2
"151","S00974_20190805_204417.wav",5000,5623,38.4207768238082,2
"152","S00974_20190805_204417.wav",6300,7079,38.9235510262377,2
"153","S00974_20190805_214418.wav",100,112,27.2128276161094,2
"154","S00974_20190805_214418.wav",125,141,27.8082095554025,2
"155","S00974_20190805_214418.wav",160,178,25.6403561092452,2
"156","S00974_20190805_214418.wav",200,224,26.7034824465817,2
"157","S00974_20190805_214418.wav",250,282,26.0856396126961,2
"158","S00974_20190805_214418.wav",315,355,26.0149218895188,2
"159","S00974_20190805_214418.wav",400,447,26.0549719114716,2
"160","S00974_20190805_214418.wav",500,562,25.9218908113696,2
"161","S00974_20190805_214418.wav",630,708,26.5163264474323,2
"162","S00974_20190805_214418.wav",800,891,26.730411764555,2
"163","S00974_20190805_214418.wav",1000,1122,26.835751368479,2
"164","S00974_20190805_214418.wav",1250,1413,27.4133062236346,2
"165","S00974_20190805_214418.wav",1600,1778,28.2122448265831,2
"166","S00974_20190805_214418.wav",2000,2239,36.4423799106621,2
"167","S00974_20190805_214418.wav",2500,2818,33.2383302640243,2
"168","S00974_20190805_214418.wav",3150,3548,30.7993692846344,2
"169","S00974_20190805_214418.wav",4000,4467,39.8601168392103,2
"170","S00974_20190805_214418.wav",5000,5623,37.2105806872815,2
"171","S00974_20190805_214418.wav",6300,7079,42.3800308053052,2
"172","S00974_20190805_224418.wav",100,112,27.0124979624283,2
"173","S00974_20190805_224418.wav",125,141,26.9481268393424,2
"174","S00974_20190805_224418.wav",160,178,26.3862513189047,2
"175","S00974_20190805_224418.wav",200,224,27.2321792464496,2
"176","S00974_20190805_224418.wav",250,282,26.1143024361562,2
"177","S00974_20190805_224418.wav",315,355,26.4399098813208,2
"178","S00974_20190805_224418.wav",400,447,26.3516898693524,2
"179","S00974_20190805_224418.wav",500,562,26.5115811144749,2
"180","S00974_20190805_224418.wav",630,708,26.2832110751263,2
"181","S00974_20190805_224418.wav",800,891,26.7966939152427,2
"182","S00974_20190805_224418.wav",1000,1122,26.6763071432143,2
"183","S00974_20190805_224418.wav",1250,1413,27.2205794817225,2
"184","S00974_20190805_224418.wav",1600,1778,27.886491694805,2
"185","S00974_20190805_224418.wav",2000,2239,34.5435672530649,2
"186","S00974_20190805_224418.wav",2500,2818,36.548527964028,2
"187","S00974_20190805_224418.wav",3150,3548,30.1991228739319,2
"188","S00974_20190805_224418.wav",4000,4467,40.7179014260753,2
"189","S00974_20190805_224418.wav",5000,5623,42.074542804332,2
"190","S00974_20190805_224418.wav",6300,7079,43.1872222877798,2
"191","S00974_20190806_000000.wav",100,112,27.8807933627884,2
"192","S00974_20190806_000000.wav",125,141,26.7407872277566,2
"193","S00974_20190806_000000.wav",160,178,27.4157627807099,2
"194","S00974_20190806_000000.wav",200,224,26.809320594148,2
"195","S00974_20190806_000000.wav",250,282,26.6046701147181,2
"196","S00974_20190806_000000.wav",315,355,26.6002737318871,2
"197","S00974_20190806_000000.wav",400,447,26.6651851143686,2
"198","S00974_20190806_000000.wav",500,562,26.6093352583115,2
"199","S00974_20190806_000000.wav",630,708,26.7297882478452,2
"200","S00974_20190806_000000.wav",800,891,26.5585901298021,2
"201","S00974_20190806_000000.wav",1000,1122,26.6462657012479,2
"202","S00974_20190806_000000.wav",1250,1413,27.0978877260674,2
"203","S00974_20190806_000000.wav",1600,1778,27.6631111367559,2
"204","S00974_20190806_000000.wav",2000,2239,28.8878560092562,2
"205","S00974_20190806_000000.wav",2500,2818,37.1919104538786,2
"206","S00974_20190806_000000.wav",3150,3548,29.9861808530955,2
"207","S00974_20190806_000000.wav",4000,4467,40.6260882137411,2
"208","S00974_20190806_000000.wav",5000,5623,42.4331766260426,2
"209","S00974_20190806_000000.wav",6300,7079,41.6747540579664,2
"210","S00974_20190806_010000.wav",100,112,26.1694455780514,2
"211","S00974_20190806_010000.wav",125,141,26.7720711897867,2
"212","S00974_20190806_010000.wav",160,178,26.5011842564411,2
"213","S00974_20190806_010000.wav",200,224,26.4409286122228,2
"214","S00974_20190806_010000.wav",250,282,25.8241123399542,2
"215","S00974_20190806_010000.wav",315,355,26.0219761000163,2
"216","S00974_20190806_010000.wav",400,447,26.2437752470534,2
"217","S00974_20190806_010000.wav",500,562,26.1251298090286,2
"218","S00974_20190806_010000.wav",630,708,26.4519528543787,2
"219","S00974_20190806_010000.wav",800,891,26.2701619116673,2
"220","S00974_20190806_010000.wav",1000,1122,27.0691386199938,2
"221","S00974_20190806_010000.wav",1250,1413,27.4097236824429,2
"222","S00974_20190806_010000.wav",1600,1778,27.3380992491112,2
"223","S00974_20190806_010000.wav",2000,2239,30.094273230442,2
"224","S00974_20190806_010000.wav",2500,2818,38.6090917393078,2
"225","S00974_20190806_010000.wav",3150,3548,30.7170582681794,2
"226","S00974_20190806_010000.wav",4000,4467,42.2028703698421,2
"227","S00974_20190806_010000.wav",5000,5623,41.562920972444,2
"228","S00974_20190806_010000.wav",6300,7079,41.6227925783258,2
"229","S00974_20190806_020001.wav",100,112,26.5273167080851,2
"230","S00974_20190806_020001.wav",125,141,25.4173828462256,2
"231","S00974_20190806_020001.wav",160,178,26.6712234841191,2
"232","S00974_20190806_020001.wav",200,224,26.6590041070642,2
"233","S00974_20190806_020001.wav",250,282,25.7148696572571,2
"234","S00974_20190806_020001.wav",315,355,26.2730115337744,2
"235","S00974_20190806_020001.wav",400,447,25.8456553023635,2
"236","S00974_20190806_020001.wav",500,562,26.5805307403038,2
"237","S00974_20190806_020001.wav",630,708,26.2532661725108,2
"238","S00974_20190806_020001.wav",800,891,26.9726611142706,2
"239","S00974_20190806_020001.wav",1000,1122,26.7417393899337,2
"240","S00974_20190806_020001.wav",1250,1413,27.0188649006448,2
"241","S00974_20190806_020001.wav",1600,1778,27.4942997838472,2
"242","S00974_20190806_020001.wav",2000,2239,28.2184941403375,2
"243","S00974_20190806_020001.wav",2500,2818,34.7384358928797,2
"244","S00974_20190806_020001.wav",3150,3548,30.2510700848372,2
"245","S00974_20190806_020001.wav",4000,4467,40.7190097032564,2
"246","S00974_20190806_020001.wav",5000,5623,38.7536633419549,2
"247","S00974_20190806_020001.wav",6300,7079,37.8219448524897,2
"248","S00974_20190806_030001.wav",100,112,26.1796128402681,2
"249","S00974_20190806_030001.wav",125,141,27.6993234590939,2
"250","S00974_20190806_030001.wav",160,178,26.4039735794442,2
"251","S00974_20190806_030001.wav",200,224,26.9572997751848,2
"252","S00974_20190806_030001.wav",250,282,26.0047206952571,2
"253","S00974_20190806_030001.wav",315,355,25.5957264882148,2
"254","S00974_20190806_030001.wav",400,447,26.7847850399952,2
"255","S00974_20190806_030001.wav",500,562,26.5713330232024,2
"256","S00974_20190806_030001.wav",630,708,26.3506527447303,2
"257","S00974_20190806_030001.wav",800,891,26.3814738472518,2
"258","S00974_20190806_030001.wav",1000,1122,26.9845803763071,2
"259","S00974_20190806_030001.wav",1250,1413,26.890491993725,2
"260","S00974_20190806_030001.wav",1600,1778,27.3288410651574,2
"261","S00974_20190806_030001.wav",2000,2239,27.5164395212491,2
"262","S00974_20190806_030001.wav",2500,2818,34.2559155404378,2
"263","S00974_20190806_030001.wav",3150,3548,32.4017426078034,2
"264","S00974_20190806_030001.wav",4000,4467,39.0608319598539,2
"265","S00974_20190806_030001.wav",5000,5623,30.5988361033119,2
"266","S00974_20190806_030001.wav",6300,7079,31.3074515841435,2
"267","S00974_20190806_040001.wav",100,112,27.0047889921008,2
"268","S00974_20190806_040001.wav",125,141,27.0911893187336,2
"269","S00974_20190806_040001.wav",160,178,27.2483447687791,2
"270","S00974_20190806_040001.wav",200,224,27.010686264361,2
"271","S00974_20190806_040001.wav",250,282,25.4404898194051,2
"272","S00974_20190806_040001.wav",315,355,26.3625045664001,2
"273","S00974_20190806_040001.wav",400,447,26.2729824832679,2
"274","S00974_20190806_040001.wav",500,562,26.219580524957,2
"275","S00974_20190806_040001.wav",630,708,26.7285687854985,2
"276","S00974_20190806_040001.wav",800,891,26.457806206244,2
"277","S00974_20190806_040001.wav",1000,1122,26.851970888388,2
"278","S00974_20190806_040001.wav",1250,1413,27.1079484009914,2
"279","S00974_20190806_040001.wav",1600,1778,27.4043541586201,2
"280","S00974_20190806_040001.wav",2000,2239,27.532787258396,2
"281","S00974_20190806_040001.wav",2500,2818,29.8822430972568,2
"282","S00974_20190806_040001.wav",3150,3548,32.5557661577461,2
"283","S00974_20190806_040001.wav",4000,4467,32.3904999406875,2
"284","S00974_20190806_040001.wav",5000,5623,29.4603730513173,2
"285","S00974_20190806_040001.wav",6300,7079,29.0914027257626,2
"286","S00974_20190806_050002.wav",100,112,27.1224167268396,2
"287","S00974_20190806_050002.wav",125,141,26.9652002864116,2
"288","S00974_20190806_050002.wav",160,178,26.6069590620217,2
"289","S00974_20190806_050002.wav",200,224,26.1363746296213,2
"290","S00974_20190806_050002.wav",250,282,26.6010745045511,2
"291","S00974_20190806_050002.wav",315,355,26.2812421814275,2
"292","S00974_20190806_050002.wav",400,447,26.582363191949,2
"293","S00974_20190806_050002.wav",500,562,26.4555390509203,2
"294","S00974_20190806_050002.wav",630,708,26.7183965565953,2
"295","S00974_20190806_050002.wav",800,891,26.930022901499,2
"296","S00974_20190806_050002.wav",1000,1122,26.9302245632845,2
"297","S00974_20190806_050002.wav",1250,1413,27.3743293090703,2
"298","S00974_20190806_050002.wav",1600,1778,27.5058486632385,2
"299","S00974_20190806_050002.wav",2000,2239,27.896909308491,2
"300","S00974_20190806_050002.wav",2500,2818,28.2618350491283,2
"301","S00974_20190806_050002.wav",3150,3548,31.1820835746517,2
"302","S00974_20190806_050002.wav",4000,4467,30.2591448483384,2
"303","S00974_20190806_050002.wav",5000,5623,40.7043617122123,2
"304","S00974_20190806_050002.wav",6300,7079,35.4345220271869,2
"305","S00974_20190806_060002.wav",100,112,26.9141250395751,2
"306","S00974_20190806_060002.wav",125,141,26.9417462692085,2
"307","S00974_20190806_060002.wav",160,178,26.7206951553948,2
"308","S00974_20190806_060002.wav",200,224,26.0369182008637,2
"309","S00974_20190806_060002.wav",250,282,26.4116419477795,2
"310","S00974_20190806_060002.wav",315,355,26.5167027248641,2
"311","S00974_20190806_060002.wav",400,447,26.1531182499229,2
"312","S00974_20190806_060002.wav",500,562,26.0082932974585,2
"313","S00974_20190806_060002.wav",630,708,26.6714960568853,2
"314","S00974_20190806_060002.wav",800,891,26.9681284781336,2
"315","S00974_20190806_060002.wav",1000,1122,27.3045511500407,2
"316","S00974_20190806_060002.wav",1250,1413,27.1963773491673,2
"317","S00974_20190806_060002.wav",1600,1778,27.2681182500987,2
"318","S00974_20190806_060002.wav",2000,2239,27.6196797670732,2
"319","S00974_20190806_060002.wav",2500,2818,27.8650900093429,2
"320","S00974_20190806_060002.wav",3150,3548,28.2397727627037,2
"321","S00974_20190806_060002.wav",4000,4467,28.5500199354487,2
"322","S00974_20190806_060002.wav",5000,5623,30.2592480800993,2
"323","S00974_20190806_060002.wav",6300,7079,28.8292315591639,2
"324","S00974_20190806_070002.wav",100,112,27.5721113514099,2
"325","S00974_20190806_070002.wav",125,141,28.0605512217877,2
"326","S00974_20190806_070002.wav",160,178,27.9409854670094,2
"327","S00974_20190806_070002.wav",200,224,27.2263316519556,2
"328","S00974_20190806_070002.wav",250,282,27.7317821770314,2
"329","S00974_20190806_070002.wav",315,355,26.6356279956416,2
"330","S00974_20190806_070002.wav",400,447,26.3085829181634,2
"331","S00974_20190806_070002.wav",500,562,26.6505917224649,2
"332","S00974_20190806_070002.wav",630,708,26.7135277954346,2
"333","S00974_20190806_070002.wav",800,891,26.5375628680058,2
"334","S00974_20190806_070002.wav",1000,1122,26.8695258393316,2
"335","S00974_20190806_070002.wav",1250,1413,27.2435572659725,2
"336","S00974_20190806_070002.wav",1600,1778,27.2921397464243,2
"337","S00974_20190806_070002.wav",2000,2239,27.7006289764788,2
"338","S00974_20190806_070002.wav",2500,2818,28.0039452000668,2
"339","S00974_20190806_070002.wav",3150,3548,28.157244531703,2
"340","S00974_20190806_070002.wav",4000,4467,28.4047119619883,2
"341","S00974_20190806_070002.wav",5000,5623,28.998538192716,2
"342","S00974_20190806_070002.wav",6300,7079,28.8188600963247,2
"343","S00974_20190806_080003.wav",100,112,27.5801757890744,2
"344","S00974_20190806_080003.wav",125,141,27.7792099038225,2
"345","S00974_20190806_080003.wav",160,178,27.7264906620183,2
"346","S00974_20190806_080003.wav",200,224,26.3252537808508,2
"347","S00974_20190806_080003.wav",250,282,27.7337296546721,2
"348","S00974_20190806_080003.wav",315,355,26.6291553118448,2
"349","S00974_20190806_080003.wav",400,447,26.5804976421561,2
"350","S00974_20190806_080003.wav",500,562,27.1632851335348,2
"351","S00974_20190806_080003.wav",630,708,27.2040734656709,2
"352","S00974_20190806_080003.wav",800,891,27.0210789721031,2
"353","S00974_20190806_080003.wav",1000,1122,27.9375752760304,2
"354","S00974_20190806_080003.wav",1250,1413,27.9236270999785,2
"355","S00974_20190806_080003.wav",1600,1778,28.366981901757,2
"356","S00974_20190806_080003.wav",2000,2239,28.0546917463447,2
"357","S00974_20190806_080003.wav",2500,2818,28.2480117878351,2
"358","S00974_20190806_080003.wav",3150,3548,28.7180257642351,2
"359","S00974_20190806_080003.wav",4000,4467,29.1874609961276,2
"360","S00974_20190806_080003.wav",5000,5623,29.4831941709798,2
"361","S00974_20190806_080003.wav",6300,7079,29.0921185106247,2
"362","S00976_20190812_020000.wav",100,112,27.1538497925463,2
"363","S00976_20190812_020000.wav",125,141,25.9591951671225,2
"364","S00976_20190812_020000.wav",160,178,26.8743223010234,2
"365","S00976_20190812_020000.wav",200,224,27.0371244706405,2
"366","S00976_20190812_020000.wav",250,282,26.6199101328835,2
"367","S00976_20190812_020000.wav",315,355,26.6166143555686,2
"368","S00976_20190812_020000.wav",400,447,26.7446457136292,2
"369","S00976_20190812_020000.wav",500,562,26.5679144085423,2
"370","S00976_20190812_020000.wav",630,708,26.3524501615861,2
"371","S00976_20190812_020000.wav",800,891,26.9475908168073,2
"372","S00976_20190812_020000.wav",1000,1122,26.837216403551,2
"373","S00976_20190812_020000.wav",1250,1413,27.0793157874273,2
"374","S00976_20190812_020000.wav",1600,1778,27.5956302225989,2
"375","S00976_20190812_020000.wav",2000,2239,27.3861597943602,2
"376","S00976_20190812_020000.wav",2500,2818,27.9065589273171,2
"377","S00976_20190812_020000.wav",3150,3548,28.2340405752284,2
"378","S00976_20190812_020000.wav",4000,4467,30.1953670976687,2
"379","S00976_20190812_020000.wav",5000,5623,32.3969239108086,2
"380","S00976_20190812_020000.wav",6300,7079,33.7262043374741,2
"381","S00976_20190812_030001.wav",100,112,27.461418613437,2
"382","S00976_20190812_030001.wav",125,141,26.5599746315993,2
"383","S00976_20190812_030001.wav",160,178,26.9938206489333,2
"384","S00976_20190812_030001.wav",200,224,26.3892015935012,2
"385","S00976_20190812_030001.wav",250,282,26.1098266097888,2
"386","S00976_20190812_030001.wav",315,355,26.1160600778386,2
"387","S00976_20190812_030001.wav",400,447,26.3872032409212,2
"388","S00976_20190812_030001.wav",500,562,26.403585477706,2
"389","S00976_20190812_030001.wav",630,708,26.8304891826013,2
"390","S00976_20190812_030001.wav",800,891,26.689893759238,2
"391","S00976_20190812_030001.wav",1000,1122,27.0792303991042,2
"392","S00976_20190812_030001.wav",1250,1413,27.3366272523438,2
"393","S00976_20190812_030001.wav",1600,1778,27.5322690664549,2
"394","S00976_20190812_030001.wav",2000,2239,27.766995178768,2
"395","S00976_20190812_030001.wav",2500,2818,27.8348905248478,2
"396","S00976_20190812_030001.wav",3150,3548,28.1709179765727,2
"397","S00976_20190812_030001.wav",4000,4467,31.9633098152467,2
"398","S00976_20190812_030001.wav",5000,5623,30.9080894669916,2
"399","S00976_20190812_030001.wav",6300,7079,29.7374638670846,2
"400","S00976_20190812_040001.wav",100,112,27.6041841870242,2
"401","S00976_20190812_040001.wav",125,141,26.3838396075443,2
"402","S00976_20190812_040001.wav",160,178,26.545638518124,2
"403","S00976_20190812_040001.wav",200,224,26.4814697359345,2
"404","S00976_20190812_040001.wav",250,282,27.1689038134798,2
"405","S00976_20190812_040001.wav",315,355,26.9359805255797,2
"406","S00976_20190812_040001.wav",400,447,26.2309637237858,2
"407","S00976_20190812_040001.wav",500,562,26.6879241165497,2
"408","S00976_20190812_040001.wav",630,708,26.5975706023052,2
"409","S00976_20190812_040001.wav",800,891,26.5337389299752,2
"410","S00976_20190812_040001.wav",1000,1122,27.0891382088005,2
"411","S00976_20190812_040001.wav",1250,1413,27.1059238283031,2
"412","S00976_20190812_040001.wav",1600,1778,27.4372948151819,2
"413","S00976_20190812_040001.wav",2000,2239,27.6424660746113,2
"414","S00976_20190812_040001.wav",2500,2818,27.9638303900629,2
"415","S00976_20190812_040001.wav",3150,3548,28.1927612509415,2
"416","S00976_20190812_040001.wav",4000,4467,29.0144933504995,2
"417","S00976_20190812_040001.wav",5000,5623,30.8330728470083,2
"418","S00976_20190812_040001.wav",6300,7079,29.0867151468974,2
"419","S00976_20190812_050002.wav",100,112,27.4298875079703,2
"420","S00976_20190812_050002.wav",125,141,27.727237701948,2
"421","S00976_20190812_050002.wav",160,178,26.5157543203664,2
"422","S00976_20190812_050002.wav",200,224,26.5518745563113,2
"423","S00976_20190812_050002.wav",250,282,26.0738395320011,2
"424","S00976_20190812_050002.wav",315,355,25.9555498446033,2
"425","S00976_20190812_050002.wav",400,447,26.2230911190007,2
"426","S00976_20190812_050002.wav",500,562,26.5366705539695,2
"427","S00976_20190812_050002.wav",630,708,26.8025479588092,2
"428","S00976_20190812_050002.wav",800,891,26.7037371940365,2
"429","S00976_20190812_050002.wav",1000,1122,27.1149245076248,2
"430","S00976_20190812_050002.wav",1250,1413,27.2732895842455,2
"431","S00976_20190812_050002.wav",1600,1778,27.7912672097425,2
"432","S00976_20190812_050002.wav",2000,2239,28.8972704394375,2
"433","S00976_20190812_050002.wav",2500,2818,34.1698349451401,2
"434","S00976_20190812_050002.wav",3150,3548,43.7018879595486,2
"435","S00976_20190812_050002.wav",4000,4467,29.6919228161897,2
"436","S00976_20190812_050002.wav",5000,5623,32.8517967936018,2
"437","S00976_20190812_050002.wav",6300,7079,32.7152357689619,2
"438","S00976_20190812_060002.wav",100,112,26.7338974995404,2
"439","S00976_20190812_060002.wav",125,141,27.45316842086,2
"440","S00976_20190812_060002.wav",160,178,27.1876489054753,2
"441","S00976_20190812_060002.wav",200,224,27.0096576213521,2
"442","S00976_20190812_060002.wav",250,282,26.8942237159008,2
"443","S00976_20190812_060002.wav",315,355,26.4452720343214,2
"444","S00976_20190812_060002.wav",400,447,26.1333761949291,2
"445","S00976_20190812_060002.wav",500,562,26.6497806385693,2
"446","S00976_20190812_060002.wav",630,708,26.556378328638,2
"447","S00976_20190812_060002.wav",800,891,26.8269480458704,2
"448","S00976_20190812_060002.wav",1000,1122,26.8584225714715,2
"449","S00976_20190812_060002.wav",1250,1413,27.2081797147436,2
"450","S00976_20190812_060002.wav",1600,1778,27.3453065786946,2
"451","S00976_20190812_060002.wav",2000,2239,27.8076125957106,2
"452","S00976_20190812_060002.wav",2500,2818,27.7604651577743,2
"453","S00976_20190812_060002.wav",3150,3548,28.3407819017264,2
"454","S00976_20190812_060002.wav",4000,4467,28.4873663710499,2
"455","S00976_20190812_060002.wav",5000,5623,29.3861221753448,2
"456","S00976_20190812_060002.wav",6300,7079,29.1812525772172,2
"457","S00976_20190812_070002.wav",100,112,27.6208019759628,2
"458","S00976_20190812_070002.wav",125,141,28.5842562573364,2
"459","S00976_20190812_070002.wav",160,178,26.1501468843042,2
"460","S00976_20190812_070002.wav",200,224,27.0389099601872,2
"461","S00976_20190812_070002.wav",250,282,27.1700452239841,2
"462","S00976_20190812_070002.wav",315,355,26.3204765897302,2
"463","S00976_20190812_070002.wav",400,447,26.7166524294157,2
"464","S00976_20190812_070002.wav",500,562,26.171678276934,2
"465","S00976_20190812_070002.wav",630,708,26.7119907443241,2
"466","S00976_20190812_070002.wav",800,891,26.8709743848786,2
"467","S00976_20190812_070002.wav",1000,1122,27.1400862826764,2
"468","S00976_20190812_070002.wav",1250,1413,27.0468686468215,2
"469","S00976_20190812_070002.wav",1600,1778,27.5412776549026,2
"470","S00976_20190812_070002.wav",2000,2239,27.8009235178574,2
"471","S00976_20190812_070002.wav",2500,2818,28.0226433871876,2
"472","S00976_20190812_070002.wav",3150,3548,28.1463910043222,2
"473","S00976_20190812_070002.wav",4000,4467,28.4421628303748,2
"474","S00976_20190812_070002.wav",5000,5623,28.9474082046346,2
"475","S00976_20190812_070002.wav",6300,7079,28.7715025384719,2
"476","S00976_20190812_080003.wav",100,112,28.003379229055,2
"477","S00976_20190812_080003.wav",125,141,27.3303918292096,2
"478","S00976_20190812_080003.wav",160,178,27.2496843325803,2
"479","S00976_20190812_080003.wav",200,224,27.7217535223438,2
"480","S00976_20190812_080003.wav",250,282,27.468024699157,2
"481","S00976_20190812_080003.wav",315,355,27.0429350273594,2
"482","S00976_20190812_080003.wav",400,447,27.5763783609913,2
"483","S00976_20190812_080003.wav",500,562,27.4442452014047,2
"484","S00976_20190812_080003.wav",630,708,27.224127826145,2
"485","S00976_20190812_080003.wav",800,891,27.4285955745359,2
"486","S00976_20190812_080003.wav",1000,1122,27.4187670446381,2
"487","S00976_20190812_080003.wav",1250,1413,27.6948707865075,2
"488","S00976_20190812_080003.wav",1600,1778,27.6942035158964,2
"489","S00976_20190812_080003.wav",2000,2239,27.6545791511361,2
"490","S00976_20190812_080003.wav",2500,2818,28.2838257680548,2
"491","S00976_20190812_080003.wav",3150,3548,28.3407382081759,2
"492","S00976_20190812_080003.wav",4000,4467,28.7708064350032,2
"493","S00976_20190812_080003.wav",5000,5623,29.0726876893339,2
"494","S00976_20190812_080003.wav",6300,7079,28.8689853922045,2
"495","S00976_20190811_152126.wav",100,112,28.3242840126594,2
"496","S00976_20190811_152126.wav",125,141,27.9476814350196,2
"497","S00976_20190811_152126.wav",160,178,27.1574429435235,2
"498","S00976_20190811_152126.wav",200,224,27.5439339289719,2
"499","S00976_20190811_152126.wav",250,282,27.0564279515522,2
"500","S00976_20190811_152126.wav",315,355,26.4874933605788,2
"501","S00976_20190811_152126.wav",400,447,26.2356171478992,2
"502","S00976_20190811_152126.wav",500,562,26.7367908902475,2
"503","S00976_20190811_152126.wav",630,708,27.0652849960937,2
"504","S00976_20190811_152126.wav",800,891,26.7493863043581,2
"505","S00976_20190811_152126.wav",1000,1122,27.1442150761596,2
"506","S00976_20190811_152126.wav",1250,1413,27.1733836365074,2
"507","S00976_20190811_152126.wav",1600,1778,27.3847617299656,2
"508","S00976_20190811_152126.wav",2000,2239,27.6240485248388,2
"509","S00976_20190811_152126.wav",2500,2818,28.0241774192182,2
"510","S00976_20190811_152126.wav",3150,3548,28.1119472490498,2
"511","S00976_20190811_152126.wav",4000,4467,28.537171046901,2
"512","S00976_20190811_152126.wav",5000,5623,28.7438417799369,2
"513","S00976_20190811_152126.wav",6300,7079,28.7994321170627,2
"514","S00976_20190811_162126.wav",100,112,27.283976448925,2
"515","S00976_20190811_162126.wav",125,141,27.0046083628477,2
"516","S00976_20190811_162126.wav",160,178,27.1296540236771,2
"517","S00976_20190811_162126.wav",200,224,25.7422253555174,2
"518","S00976_20190811_162126.wav",250,282,27.0678254837715,2
"519","S00976_20190811_162126.wav",315,355,26.2751089774663,2
"520","S00976_20190811_162126.wav",400,447,26.6518434105259,2
"521","S00976_20190811_162126.wav",500,562,26.2503204069268,2
"522","S00976_20190811_162126.wav",630,708,26.594473573461,2
"523","S00976_20190811_162126.wav",800,891,26.6813550670554,2
"524","S00976_20190811_162126.wav",1000,1122,26.877658809558,2
"525","S00976_20190811_162126.wav",1250,1413,27.095867869415,2
"526","S00976_20190811_162126.wav",1600,1778,27.5031361159524,2
"527","S00976_20190811_162126.wav",2000,2239,27.7752903124196,2
"528","S00976_20190811_162126.wav",2500,2818,27.7143244595023,2
"529","S00976_20190811_162126.wav",3150,3548,28.2266476151716,2
"530","S00976_20190811_162126.wav",4000,4467,28.5331198167884,2
"531","S00976_20190811_162126.wav",5000,5623,28.5604921789382,2
"532","S00976_20190811_162126.wav",6300,7079,28.7870952128156,2
"533","S00976_20190811_172127.wav",100,112,28.0469834157433,2
"534","S00976_20190811_172127.wav",125,141,27.4858315735674,2
"535","S00976_20190811_172127.wav",160,178,27.1994245199139,2
"536","S00976_20190811_172127.wav",200,224,27.2277240323074,2
"537","S00976_20190811_172127.wav",250,282,26.4198033163316,2
"538","S00976_20190811_172127.wav",315,355,26.5597022701757,2
"539","S00976_20190811_172127.wav",400,447,26.3430101327317,2
"540","S00976_20190811_172127.wav",500,562,26.8770309005376,2
"541","S00976_20190811_172127.wav",630,708,26.6998880570396,2
"542","S00976_20190811_172127.wav",800,891,26.7804604989234,2
"543","S00976_20190811_172127.wav",1000,1122,26.7883723271145,2
"544","S00976_20190811_172127.wav",1250,1413,27.1312948014987,2
"545","S00976_20190811_172127.wav",1600,1778,27.400651679246,2
"546","S00976_20190811_172127.wav",2000,2239,28.00794116039,2
"547","S00976_20190811_172127.wav",2500,2818,28.2327623657284,2
"548","S00976_20190811_172127.wav",3150,3548,28.3963493003969,2
"549","S00976_20190811_172127.wav",4000,4467,28.5424540783878,2
"550","S00976_20190811_172127.wav",5000,5623,29.6562355143919,2
"551","S00976_20190811_172127.wav",6300,7079,39.0926073118674,2
"552","S00976_20190811_182127.wav",100,112,27.39880626879,2
"553","S00976_20190811_182127.wav",125,141,26.2784830619921,2
"554","S00976_20190811_182127.wav",160,178,27.0153664921044,2
"555","S00976_20190811_182127.wav",200,224,27.0392591506115,2
"556","S00976_20190811_182127.wav",250,282,26.9432606776439,2
"557","S00976_20190811_182127.wav",315,355,26.44441557752,2
"558","S00976_20190811_182127.wav",400,447,26.6188772688432,2
"559","S00976_20190811_182127.wav",500,562,26.3146750582231,2
"560","S00976_20190811_182127.wav",630,708,26.9814496014786,2
"561","S00976_20190811_182127.wav",800,891,26.7511638584222,2
"562","S00976_20190811_182127.wav",1000,1122,26.9373307981635,2
"563","S00976_20190811_182127.wav",1250,1413,27.3542129289274,2
"564","S00976_20190811_182127.wav",1600,1778,27.4652371673202,2
"565","S00976_20190811_182127.wav",2000,2239,27.6021333191111,2
"566","S00976_20190811_182127.wav",2500,2818,27.7660540031197,2
"567","S00976_20190811_182127.wav",3150,3548,28.1318304726187,2
"568","S00976_20190811_182127.wav",4000,4467,29.2852769114029,2
"569","S00976_20190811_182127.wav",5000,5623,31.1921575407695,2
"570","S00976_20190811_182127.wav",6300,7079,38.6925830217867,2
"571","S00976_20190811_192127.wav",100,112,27.8896289905616,2
"572","S00976_20190811_192127.wav",125,141,27.2645591804766,2
"573","S00976_20190811_192127.wav",160,178,26.7672377886483,2
"574","S00976_20190811_192127.wav",200,224,27.0098219440429,2
"575","S00976_20190811_192127.wav",250,282,26.9679014642412,2
"576","S00976_20190811_192127.wav",315,355,26.7638410955967,2
"577","S00976_20190811_192127.wav",400,447,26.3022077367135,2
"578","S00976_20190811_192127.wav",500,562,26.4586073006126,2
"579","S00976_20190811_192127.wav",630,708,26.4072134289179,2
"580","S00976_20190811_192127.wav",800,891,27.0158760903316,2
"581","S00976_20190811_192127.wav",1000,1122,26.9643877317803,2
"582","S00976_20190811_192127.wav",1250,1413,26.913620243726,2
"583","S00976_20190811_192127.wav",1600,1778,27.2105135744482,2
"584","S00976_20190811_192127.wav",2000,2239,27.5111227426868,2
"585","S00976_20190811_192127.wav",2500,2818,27.7002113714537,2
"586","S00976_20190811_192127.wav",3150,3548,28.228011966479,2
"587","S00976_20190811_192127.wav",4000,4467,28.4735426557194,2
"588","S00976_20190811_192127.wav",5000,5623,34.0222915917572,2
"589","S00976_20190811_192127.wav",6300,7079,33.8032763256086,2
"590","S00976_20190811_202128.wav",100,112,27.3511691156532,2
"591","S00976_20190811_202128.wav",125,141,27.1287797580088,2
"592","S00976_20190811_202128.wav",160,178,27.3308014909072,2
"593","S00976_20190811_202128.wav",200,224,27.1676828998254,2
"594","S00976_20190811_202128.wav",250,282,26.5212014983504,2
"595","S00976_20190811_202128.wav",315,355,26.7360822475833,2
"596","S00976_20190811_202128.wav",400,447,26.521807707986,2
"597","S00976_20190811_202128.wav",500,562,26.5932955979313,2
"598","S00976_20190811_202128.wav",630,708,26.8183079717496,2
"599","S00976_20190811_202128.wav",800,891,26.881507001417,2
"600","S00976_20190811_202128.wav",1000,1122,26.7360047296069,2
"601","S00976_20190811_202128.wav",1250,1413,27.3144782047247,2
"602","S00976_20190811_202128.wav",1600,1778,27.4718047114287,2
"603","S00976_20190811_202128.wav",2000,2239,27.6132807532198,2
"604","S00976_20190811_202128.wav",2500,2818,27.8690479405983,2
"605","S00976_20190811_202128.wav",3150,3548,28.2458441035785,2
"606","S00976_20190811_202128.wav",4000,4467,29.6512200231641,2
"607","S00976_20190811_202128.wav",5000,5623,31.4545729310356,2
"608","S00976_20190811_202128.wav",6300,7079,30.5003124684467,2
"609","S00976_20190811_212128.wav",100,112,27.8037903580335,2
"610","S00976_20190811_212128.wav",125,141,26.6515322256988,2
"611","S00976_20190811_212128.wav",160,178,27.1365940757751,2
"612","S00976_20190811_212128.wav",200,224,26.4747548903767,2
"613","S00976_20190811_212128.wav",250,282,26.8041703664144,2
"614","S00976_20190811_212128.wav",315,355,26.8238162346077,2
"615","S00976_20190811_212128.wav",400,447,26.6068895714509,2
"616","S00976_20190811_212128.wav",500,562,26.2125298012549,2
"617","S00976_20190811_212128.wav",630,708,26.6083558638858,2
"618","S00976_20190811_212128.wav",800,891,26.8593118421454,2
"619","S00976_20190811_212128.wav",1000,1122,26.8607568401732,2
"620","S00976_20190811_212128.wav",1250,1413,27.3285022777829,2
"621","S00976_20190811_212128.wav",1600,1778,27.6564499005944,2
"622","S00976_20190811_212128.wav",2000,2239,27.6782931074791,2
"623","S00976_20190811_212128.wav",2500,2818,27.7496370032736,2
"624","S00976_20190811_212128.wav",3150,3548,28.2001323047892,2
"625","S00976_20190811_212128.wav",4000,4467,28.7294293233801,2
"626","S00976_20190811_212128.wav",5000,5623,34.1815185153545,2
"627","S00976_20190811_212128.wav",6300,7079,32.882385561002,2
"628","S00976_20190811_222128.wav",100,112,26.9967008849102,2
"629","S00976_20190811_222128.wav",125,141,27.6004794953859,2
"630","S00976_20190811_222128.wav",160,178,27.0542742656141,2
"631","S00976_20190811_222128.wav",200,224,26.9710269725821,2
"632","S00976_20190811_222128.wav",250,282,26.8893816646195,2
"633","S00976_20190811_222128.wav",315,355,26.5598745951882,2
"634","S00976_20190811_222128.wav",400,447,26.7878105677762,2
"635","S00976_20190811_222128.wav",500,562,26.1220985592726,2
"636","S00976_20190811_222128.wav",630,708,26.5770463547879,2
"637","S00976_20190811_222128.wav",800,891,27.1354187835721,2
"638","S00976_20190811_222128.wav",1000,1122,26.8490366224485,2
"639","S00976_20190811_222128.wav",1250,1413,27.0262845162008,2
"640","S00976_20190811_222128.wav",1600,1778,27.5730328735948,2
"641","S00976_20190811_222128.wav",2000,2239,27.7260501894617,2
"642","S00976_20190811_222128.wav",2500,2818,27.9229098788567,2
"643","S00976_20190811_222128.wav",3150,3548,28.1038616706666,2
"644","S00976_20190811_222128.wav",4000,4467,28.9209129770191,2
"645","S00976_20190811_222128.wav",5000,5623,33.1857054354879,2
"646","S00976_20190811_222128.wav",6300,7079,33.4393573615576,2
"647","S00976_20190811_232129.wav",100,112,27.6433379857859,2
"648","S00976_20190811_232129.wav",125,141,25.7152151447527,2
"649","S00976_20190811_232129.wav",160,178,27.5240022114099,2
"650","S00976_20190811_232129.wav",200,224,25.9507519879947,2
"651","S00976_20190811_232129.wav",250,282,26.458185268983,2
"652","S00976_20190811_232129.wav",315,355,26.1665341280821,2
"653","S00976_20190811_232129.wav",400,447,26.9067399279966,2
"654","S00976_20190811_232129.wav",500,562,26.4725528965368,2
"655","S00976_20190811_232129.wav",630,708,26.506442805732,2
"656","S00976_20190811_232129.wav",800,891,26.7683294263115,2
"657","S00976_20190811_232129.wav",1000,1122,27.0276861364461,2
"658","S00976_20190811_232129.wav",1250,1413,27.5192875743298,2
"659","S00976_20190811_232129.wav",1600,1778,27.4046656006422,2
"660","S00976_20190811_232129.wav",2000,2239,27.7648665397696,2
"661","S00976_20190811_232129.wav",2500,2818,27.8143356917141,2
"662","S00976_20190811_232129.wav",3150,3548,28.1193812548445,2
"663","S00976_20190811_232129.wav",4000,4467,28.5497806010063,2
"664","S00976_20190811_232129.wav",5000,5623,33.0258452610972,2
"665","S00976_20190811_232129.wav",6300,7079,31.6963361814763,2
"666","S00976_20190812_000000.wav",100,112,26.792369699158,2
"667","S00976_20190812_000000.wav",125,141,26.2968886580699,2
"668","S00976_20190812_000000.wav",160,178,26.8301505892318,2
"669","S00976_20190812_000000.wav",200,224,26.7678787283965,2
"670","S00976_20190812_000000.wav",250,282,26.4865604396106,2
"671","S00976_20190812_000000.wav",315,355,26.646183960786,2
"672","S00976_20190812_000000.wav",400,447,26.5539722379389,2
"673","S00976_20190812_000000.wav",500,562,26.3670751840933,2
"674","S00976_20190812_000000.wav",630,708,26.8727431118101,2
"675","S00976_20190812_000000.wav",800,891,26.7890441536891,2
"676","S00976_20190812_000000.wav",1000,1122,27.2082260850898,2
"677","S00976_20190812_000000.wav",1250,1413,27.3489408632815,2
"678","S00976_20190812_000000.wav",1600,1778,27.4884988641183,2
"679","S00976_20190812_000000.wav",2000,2239,27.652166256114,2
"680","S00976_20190812_000000.wav",2500,2818,27.9242834507689,2
"681","S00976_20190812_000000.wav",3150,3548,28.0940478116845,2
"682","S00976_20190812_000000.wav",4000,4467,28.6242736467863,2
"683","S00976_20190812_000000.wav",5000,5623,30.9181418932796,2
"684","S00976_20190812_000000.wav",6300,7079,34.8725728976475,2
"685","S00976_20190812_010000.wav",100,112,26.537379898555,2
"686","S00976_20190812_010000.wav",125,141,27.2159358598788,2
"687","S00976_20190812_010000.wav",160,178,27.0875449188925,2
"688","S00976_20190812_010000.wav",200,224,25.5648215404485,2
"689","S00976_20190812_010000.wav",250,282,26.6190382263873,2
"690","S00976_20190812_010000.wav",315,355,26.8563100022198,2
"691","S00976_20190812_010000.wav",400,447,26.513571094254,2
"692","S00976_20190812_010000.wav",500,562,26.3970213847832,2
"693","S00976_20190812_010000.wav",630,708,26.4272691548481,2
"694","S00976_20190812_010000.wav",800,891,26.2690211913322,2
"695","S00976_20190812_010000.wav",1000,1122,26.8257995836186,2
"696","S00976_20190812_010000.wav",1250,1413,27.1319037868767,2
"697","S00976_20190812_010000.wav",1600,1778,27.4010334034909,2
"698","S00976_20190812_010000.wav",2000,2239,27.7534109767962,2
"699","S00976_20190812_010000.wav",2500,2818,27.9919605182151,2
"700","S00976_20190812_010000.wav",3150,3548,28.2027421741588,2
"701","S00976_20190812_010000.wav",4000,4467,28.5885897067826,2
"702","S00976_20190812_010000.wav",5000,5623,30.679998770592,2
"703","S00976_20190812_010000.wav",6300,7079,36.0348704018081,2
"704","S01143_20190812_130005.wav",100,112,31.2008531184968,2
"705","S01143_20190812_130005.wav",125,141,31.1864583418737,2
"706","S01143_20190812_130005.wav",160,178,30.2935768961191,2
"707","S01143_20190812_130005.wav",200,224,30.5840112674762,2
"708","S01143_20190812_130005.wav",250,282,30.5646189216255,2
"709","S01143_20190812_130005.wav",315,355,30.085744714081,2
"710","S01143_20190812_130005.wav",400,447,29.5877800407843,2
"711","S01143_20190812_130005.wav",500,562,29.6625219792898,2
"712","S01143_20190812_130005.wav",630,708,29.6444246929193,2
"713","S01143_20190812_130005.wav",800,891,29.1357225082521,2
"714","S01143_20190812_130005.wav",1000,1122,29.111819005723,2
"715","S01143_20190812_130005.wav",1250,1413,29.2642520202921,2
"716","S01143_20190812_130005.wav",1600,1778,29.2086596303708,2
"717","S01143_20190812_130005.wav",2000,2239,29.5580306302857,2
"718","S01143_20190812_130005.wav",2500,2818,31.8100709528005,2
"719","S01143_20190812_130005.wav",3150,3548,45.9980566058867,2
"720","S01143_20190812_130005.wav",4000,4467,31.2108592483711,2
"721","S01143_20190812_130005.wav",5000,5623,31.8359598711329,2
"722","S01143_20190812_130005.wav",6300,7079,39.0776588283508,2
"723","S01143_20190812_130005.wav",100,112,31.7146740474242,2
"724","S01143_20190812_130005.wav",125,141,30.7249805913127,2
"725","S01143_20190812_130005.wav",160,178,30.4878219517641,2
"726","S01143_20190812_130005.wav",200,224,30.2905773546753,2
"727","S01143_20190812_130005.wav",250,282,29.8803884027655,2
"728","S01143_20190812_130005.wav",315,355,30.191027420119,2
"729","S01143_20190812_130005.wav",400,447,30.0196540322607,2
"730","S01143_20190812_130005.wav",500,562,29.3599589366087,2
"731","S01143_20190812_130005.wav",630,708,29.2331607070569,2
"732","S01143_20190812_130005.wav",800,891,29.1419909432342,2
"733","S01143_20190812_130005.wav",1000,1122,28.9890838460578,2
"734","S01143_20190812_130005.wav",1250,1413,29.3268141281393,2
"735","S01143_20190812_130005.wav",1600,1778,29.4023943616628,2
"736","S01143_20190812_130005.wav",2000,2239,29.5963881623529,2
"737","S01143_20190812_130005.wav",2500,2818,31.2188411127297,2
"738","S01143_20190812_130005.wav",3150,3548,43.5274414973082,2
"739","S01143_20190812_130005.wav",4000,4467,30.7686224658649,2
"740","S01143_20190812_130005.wav",5000,5623,31.2036305491137,2
"741","S01143_20190812_130005.wav",6300,7079,36.9842714627047,2
"742","S01143_20190812_140005.wav",100,112,30.3678951562748,2
"743","S01143_20190812_140005.wav",125,141,30.4527717106161,2
"744","S01143_20190812_140005.wav",160,178,30.9574841147147,2
"745","S01143_20190812_140005.wav",200,224,30.1949360403653,2
"746","S01143_20190812_140005.wav",250,282,29.9178038464068,2
"747","S01143_20190812_140005.wav",315,355,29.9149619256642,2
"748","S01143_20190812_140005.wav",400,447,29.4353000960481,2
"749","S01143_20190812_140005.wav",500,562,28.8686708294394,2
"750","S01143_20190812_140005.wav",630,708,29.0998714372227,2
"751","S01143_20190812_140005.wav",800,891,29.1909790118558,2
"752","S01143_20190812_140005.wav",1000,1122,29.2658316724923,2
"753","S01143_20190812_140005.wav",1250,1413,29.051840257422,2
"754","S01143_20190812_140005.wav",1600,1778,29.0074176559005,2
"755","S01143_20190812_140005.wav",2000,2239,29.3921930729855,2
"756","S01143_20190812_140005.wav",2500,2818,31.2402087339855,2
"757","S01143_20190812_140005.wav",3150,3548,45.3421475200653,2
"758","S01143_20190812_140005.wav",4000,4467,31.5801733824286,2
"759","S01143_20190812_140005.wav",5000,5623,31.5121115312705,2
"760","S01143_20190812_140005.wav",6300,7079,41.6950427184887,2
"761","S01143_20190806_140005.wav",100,112,42.2464065774114,2
"762","S01143_20190806_140005.wav",125,141,40.9663604838537,2
"763","S01143_20190806_140005.wav",160,178,39.3264183028433,2
"764","S01143_20190806_140005.wav",200,224,37.9726781771206,2
"765","S01143_20190806_140005.wav",250,282,36.447312893503,2
"766","S01143_20190806_140005.wav",315,355,34.6491428894402,2
"767","S01143_20190806_140005.wav",400,447,33.3299234485109,2
"768","S01143_20190806_140005.wav",500,562,32.3663480517857,2
"769","S01143_20190806_140005.wav",630,708,31.2473821598268,2
"770","S01143_20190806_140005.wav",800,891,30.4360261204814,2
"771","S01143_20190806_140005.wav",1000,1122,30.5002321161499,2
"772","S01143_20190806_140005.wav",1250,1413,29.6934704494708,2
"773","S01143_20190806_140005.wav",1600,1778,29.6506090401219,2
"774","S01143_20190806_140005.wav",2000,2239,29.4556875359112,2
"775","S01143_20190806_140005.wav",2500,2818,30.294466133965,2
"776","S01143_20190806_140005.wav",3150,3548,39.7764960843686,2
"777","S01143_20190806_140005.wav",4000,4467,30.6160464415987,2
"778","S01143_20190806_140005.wav",5000,5623,30.6191783494839,2
"779","S01143_20190806_140005.wav",6300,7079,37.7294763577814,2
"780","S01143_20190806_150005.wav",100,112,39.4366059994104,2
"781","S01143_20190806_150005.wav",125,141,37.7789880255055,2
"782","S01143_20190806_150005.wav",160,178,36.6456313813494,2
"783","S01143_20190806_150005.wav",200,224,35.88973327938,2
"784","S01143_20190806_150005.wav",250,282,34.3201445242294,2
"785","S01143_20190806_150005.wav",315,355,33.26682450959,2
"786","S01143_20190806_150005.wav",400,447,32.4698246144122,2
"787","S01143_20190806_150005.wav",500,562,31.1313311959527,2
"788","S01143_20190806_150005.wav",630,708,30.7828280209084,2
"789","S01143_20190806_150005.wav",800,891,30.0797548251133,2
"790","S01143_20190806_150005.wav",1000,1122,29.6318968926503,2
"791","S01143_20190806_150005.wav",1250,1413,29.4931130219823,2
"792","S01143_20190806_150005.wav",1600,1778,29.369979481519,2
"793","S01143_20190806_150005.wav",2000,2239,29.355999876071,2
"794","S01143_20190806_150005.wav",2500,2818,29.3267982029172,2
"795","S01143_20190806_150005.wav",3150,3548,33.8730761562976,2
"796","S01143_20190806_150005.wav",4000,4467,30.0014313357981,2
"797","S01143_20190806_150005.wav",5000,5623,30.2272489647407,2
"798","S01143_20190806_150005.wav",6300,7079,30.8702152989324,2
"799","S00974_20190807_153026.wav",100,112,26.9060963733838,2
"800","S00974_20190807_153026.wav",125,141,27.2990587493771,2
"801","S00974_20190807_153026.wav",160,178,26.1832351653971,2
"802","S00974_20190807_153026.wav",200,224,26.8521755330749,2
"803","S00974_20190807_153026.wav",250,282,26.6186799323121,2
"804","S00974_20190807_153026.wav",315,355,26.5050413324751,2
"805","S00974_20190807_153026.wav",400,447,26.4209661416951,2
"806","S00974_20190807_153026.wav",500,562,26.5145042346795,2
"807","S00974_20190807_153026.wav",630,708,26.216258147783,2
"808","S00974_20190807_153026.wav",800,891,26.545578454586,2
"809","S00974_20190807_153026.wav",1000,1122,26.4139087601419,2
"810","S00974_20190807_153026.wav",1250,1413,27.0641763724529,2
"811","S00974_20190807_153026.wav",1600,1778,26.8796085626242,2
"812","S00974_20190807_153026.wav",2000,2239,27.2698008663045,2
"813","S00974_20190807_153026.wav",2500,2818,27.6457043259435,2
"814","S00974_20190807_153026.wav",3150,3548,27.9711510501998,2
"815","S00974_20190807_153026.wav",4000,4467,28.1579450055705,2
"816","S00974_20190807_153026.wav",5000,5623,28.5148561577238,2
"817","S00974_20190807_153026.wav",6300,7079,28.67733200454,2
"818","S00974_20190807_163027.wav",100,112,28.9316019211836,2
"819","S00974_20190807_163027.wav",125,141,28.1454414439161,2
"820","S00974_20190807_163027.wav",160,178,28.413576073363,2
"821","S00974_20190807_163027.wav",200,224,27.0635773570055,2
"822","S00974_20190807_163027.wav",250,282,26.7485641704821,2
"823","S00974_20190807_163027.wav",315,355,26.8346954014277,2
"824","S00974_20190807_163027.wav",400,447,25.9543527638718,2
"825","S00974_20190807_163027.wav",500,562,26.0196405183562,2
"826","S00974_20190807_163027.wav",630,708,26.3421939157544,2
"827","S00974_20190807_163027.wav",800,891,26.466339272398,2
"828","S00974_20190807_163027.wav",1000,1122,26.6909959129989,2
"829","S00974_20190807_163027.wav",1250,1413,26.9742440279781,2
"830","S00974_20190807_163027.wav",1600,1778,27.077166145022,2
"831","S00974_20190807_163027.wav",2000,2239,27.3693711782999,2
"832","S00974_20190807_163027.wav",2500,2818,27.6186484219007,2
"833","S00974_20190807_163027.wav",3150,3548,27.95244568285,2
"834","S00974_20190807_163027.wav",4000,4467,28.2232402710628,2
"835","S00974_20190807_163027.wav",5000,5623,28.5320675996067,2
"836","S00974_20190807_163027.wav",6300,7079,28.5784379651201,2
"837","S00974_20190807_173027.wav",100,112,27.4149343696528,2
"838","S00974_20190807_173027.wav",125,141,26.5479301119074,2
"839","S00974_20190807_173027.wav",160,178,27.0349958222917,2
"840","S00974_20190807_173027.wav",200,224,26.0904580839236,2
"841","S00974_20190807_173027.wav",250,282,26.9803364650973,2
"842","S00974_20190807_173027.wav",315,355,26.5055355035527,2
"843","S00974_20190807_173027.wav",400,447,26.5688810627904,2
"844","S00974_20190807_173027.wav",500,562,25.7429737938675,2
"845","S00974_20190807_173027.wav",630,708,26.5364664635996,2
"846","S00974_20190807_173027.wav",800,891,26.5867126045696,2
"847","S00974_20190807_173027.wav",1000,1122,26.4608112086364,2
"848","S00974_20190807_173027.wav",1250,1413,26.7356417488242,2
"849","S00974_20190807_173027.wav",1600,1778,27.1476785093213,2
"850","S00974_20190807_173027.wav",2000,2239,27.3207638046067,2
"851","S00974_20190807_173027.wav",2500,2818,27.7153398264906,2
"852","S00974_20190807_173027.wav",3150,3548,28.0142990314551,2
"853","S00974_20190807_173027.wav",4000,4467,28.9287697512378,2
"854","S00974_20190807_173027.wav",5000,5623,53.9643249340106,2
"855","S00974_20190807_173027.wav",6300,7079,42.555119908415,2
"856","S00974_20190807_183027.wav",100,112,26.2665444104741,2
"857","S00974_20190807_183027.wav",125,141,27.6129201425769,2
"858","S00974_20190807_183027.wav",160,178,26.8633201623175,2
"859","S00974_20190807_183027.wav",200,224,26.6214033139639,2
"860","S00974_20190807_183027.wav",250,282,26.245403707274,2
"861","S00974_20190807_183027.wav",315,355,26.0794900561805,2
"862","S00974_20190807_183027.wav",400,447,26.8666754804634,2
"863","S00974_20190807_183027.wav",500,562,26.2432407262738,2
"864","S00974_20190807_183027.wav",630,708,26.2219997349649,2
"865","S00974_20190807_183027.wav",800,891,26.4465448427598,2
"866","S00974_20190807_183027.wav",1000,1122,26.6046583061771,2
"867","S00974_20190807_183027.wav",1250,1413,27.013354344136,2
"868","S00974_20190807_183027.wav",1600,1778,27.2247316821604,2
"869","S00974_20190807_183027.wav",2000,2239,27.3319827786287,2
"870","S00974_20190807_183027.wav",2500,2818,27.552171192228,2
"871","S00974_20190807_183027.wav",3150,3548,27.9794089194746,2
"872","S00974_20190807_183027.wav",4000,4467,28.253805851087,2
"873","S00974_20190807_183027.wav",5000,5623,42.6065217153321,2
"874","S00974_20190807_183027.wav",6300,7079,38.3041147953845,2
"875","S00974_20190807_193028.wav",100,112,26.2301842286608,2
"876","S00974_20190807_193028.wav",125,141,27.4468699103703,2
"877","S00974_20190807_193028.wav",160,178,27.7177552050332,2
"878","S00974_20190807_193028.wav",200,224,25.5548201370474,2
"879","S00974_20190807_193028.wav",250,282,26.178903298705,2
"880","S00974_20190807_193028.wav",315,355,26.6156121290962,2
"881","S00974_20190807_193028.wav",400,447,26.3037420432716,2
"882","S00974_20190807_193028.wav",500,562,26.5830079601141,2
"883","S00974_20190807_193028.wav",630,708,26.3502472759313,2
"884","S00974_20190807_193028.wav",800,891,26.9644699004715,2
"885","S00974_20190807_193028.wav",1000,1122,26.9837161582369,2
"886","S00974_20190807_193028.wav",1250,1413,26.9785093943584,2
"887","S00974_20190807_193028.wav",1600,1778,27.1104162704921,2
"888","S00974_20190807_193028.wav",2000,2239,27.1877774237535,2
"889","S00974_20190807_193028.wav",2500,2818,27.5965235290141,2
"890","S00974_20190807_193028.wav",3150,3548,27.9801129815794,2
"891","S00974_20190807_193028.wav",4000,4467,28.5284648068742,2
"892","S00974_20190807_193028.wav",5000,5623,42.8903898442776,2
"893","S00974_20190807_193028.wav",6300,7079,31.1566613392526,2
"894","S00974_20190807_203028.wav",100,112,27.4411731122666,2
"895","S00974_20190807_203028.wav",125,141,27.1474734374071,2
"896","S00974_20190807_203028.wav",160,178,26.2795588893653,2
"897","S00974_20190807_203028.wav",200,224,26.607250068311,2
"898","S00974_20190807_203028.wav",250,282,26.3162110700128,2
"899","S00974_20190807_203028.wav",315,355,26.707651923541,2
"900","S00974_20190807_203028.wav",400,447,26.8570191783292,2
"901","S00974_20190807_203028.wav",500,562,26.095448365984,2
"902","S00974_20190807_203028.wav",630,708,26.6068978166898,2
"903","S00974_20190807_203028.wav",800,891,26.6107039265317,2
"904","S00974_20190807_203028.wav",1000,1122,26.9347299696093,2
"905","S00974_20190807_203028.wav",1250,1413,27.0874882564476,2
"906","S00974_20190807_203028.wav",1600,1778,27.2918107783381,2
"907","S00974_20190807_203028.wav",2000,2239,27.4489369166228,2
"908","S00974_20190807_203028.wav",2500,2818,27.6328927426537,2
"909","S00974_20190807_203028.wav",3150,3548,27.8100368902195,2
"910","S00974_20190807_203028.wav",4000,4467,29.304393571441,2
"911","S00974_20190807_203028.wav",5000,5623,42.6691450518933,2
"912","S00974_20190807_203028.wav",6300,7079,30.6104232755894,2
"913","S00974_20190807_213029.wav",100,112,27.5740324845278,2
"914","S00974_20190807_213029.wav",125,141,27.096129432998,2
"915","S00974_20190807_213029.wav",160,178,26.1025855899467,2
"916","S00974_20190807_213029.wav",200,224,26.7608564562757,2
"917","S00974_20190807_213029.wav",250,282,26.564809995132,2
"918","S00974_20190807_213029.wav",315,355,26.5345111953094,2
"919","S00974_20190807_213029.wav",400,447,26.6875978186739,2
"920","S00974_20190807_213029.wav",500,562,26.1919390009257,2
"921","S00974_20190807_213029.wav",630,708,26.4369874807175,2
"922","S00974_20190807_213029.wav",800,891,26.3359123540298,2
"923","S00974_20190807_213029.wav",1000,1122,26.7452296970068,2
"924","S00974_20190807_213029.wav",1250,1413,26.8894670292046,2
"925","S00974_20190807_213029.wav",1600,1778,27.254074382485,2
"926","S00974_20190807_213029.wav",2000,2239,27.3684147066384,2
"927","S00974_20190807_213029.wav",2500,2818,27.6781030077498,2
"928","S00974_20190807_213029.wav",3150,3548,27.9849299704177,2
"929","S00974_20190807_213029.wav",4000,4467,31.3343270420283,2
"930","S00974_20190807_213029.wav",5000,5623,47.4129241736584,2
"931","S00974_20190807_213029.wav",6300,7079,38.195476781153,2
"932","S00974_20190807_223029.wav",100,112,27.4108167949465,2
"933","S00974_20190807_223029.wav",125,141,27.1776272988597,2
"934","S00974_20190807_223029.wav",160,178,26.9615364687494,2
"935","S00974_20190807_223029.wav",200,224,25.5496064892809,2
"936","S00974_20190807_223029.wav",250,282,26.5130585185785,2
"937","S00974_20190807_223029.wav",315,355,26.6514928681714,2
"938","S00974_20190807_223029.wav",400,447,26.5917436514776,2
"939","S00974_20190807_223029.wav",500,562,26.1101739624371,2
"940","S00974_20190807_223029.wav",630,708,26.5650295562232,2
"941","S00974_20190807_223029.wav",800,891,26.4948635926663,2
"942","S00974_20190807_223029.wav",1000,1122,26.7234982631859,2
"943","S00974_20190807_223029.wav",1250,1413,26.6608346721168,2
"944","S00974_20190807_223029.wav",1600,1778,26.9854179050097,2
"945","S00974_20190807_223029.wav",2000,2239,27.3892651372011,2
"946","S00974_20190807_223029.wav",2500,2818,27.619721867353,2
"947","S00974_20190807_223029.wav",3150,3548,27.8548411501368,2
"948","S00974_20190807_223029.wav",4000,4467,31.9446172490939,2
"949","S00974_20190807_223029.wav",5000,5623,47.1982822132733,2
"950","S00974_20190807_223029.wav",6300,7079,34.3698016427433,2
"951","S00974_20190808_000000.wav",100,112,27.7034096628721,2
"952","S00974_20190808_000000.wav",125,141,26.8793627102949,2
"953","S00974_20190808_000000.wav",160,178,26.5687663106867,2
"954","S00974_20190808_000000.wav",200,224,26.0632601211389,2
"955","S00974_20190808_000000.wav",250,282,25.8961654949194,2
"956","S00974_20190808_000000.wav",315,355,25.942659818323,2
"957","S00974_20190808_000000.wav",400,447,26.4291909799526,2
"958","S00974_20190808_000000.wav",500,562,26.6200445351889,2
"959","S00974_20190808_000000.wav",630,708,26.128057532082,2
"960","S00974_20190808_000000.wav",800,891,26.6374596389658,2
"961","S00974_20190808_000000.wav",1000,1122,26.9244380160866,2
"962","S00974_20190808_000000.wav",1250,1413,26.864841202787,2
"963","S00974_20190808_000000.wav",1600,1778,27.0693820328405,2
"964","S00974_20190808_000000.wav",2000,2239,27.3439664520486,2
"965","S00974_20190808_000000.wav",2500,2818,27.7718509248438,2
"966","S00974_20190808_000000.wav",3150,3548,27.8915443446132,2
"967","S00974_20190808_000000.wav",4000,4467,28.3047294979046,2
"968","S00974_20190808_000000.wav",5000,5623,37.9107774575608,2
"969","S00974_20190808_000000.wav",6300,7079,33.0018847495056,2
"970","S00974_20190808_010000.wav",100,112,27.0356280668142,2
"971","S00974_20190808_010000.wav",125,141,27.3036051492346,2
"972","S00974_20190808_010000.wav",160,178,27.1588810777621,2
"973","S00974_20190808_010000.wav",200,224,25.9110355037121,2
"974","S00974_20190808_010000.wav",250,282,26.2563126942521,2
"975","S00974_20190808_010000.wav",315,355,25.96548067779,2
"976","S00974_20190808_010000.wav",400,447,26.1679076904988,2
"977","S00974_20190808_010000.wav",500,562,26.5427034295531,2
"978","S00974_20190808_010000.wav",630,708,26.2757011787447,2
"979","S00974_20190808_010000.wav",800,891,26.5632606728208,2
"980","S00974_20190808_010000.wav",1000,1122,26.7097807586744,2
"981","S00974_20190808_010000.wav",1250,1413,26.9435113851258,2
"982","S00974_20190808_010000.wav",1600,1778,26.9280393199721,2
"983","S00974_20190808_010000.wav",2000,2239,27.3319113798504,2
"984","S00974_20190808_010000.wav",2500,2818,27.8159454786825,2
"985","S00974_20190808_010000.wav",3150,3548,28.0108382245535,2
"986","S00974_20190808_010000.wav",4000,4467,28.2221007619897,2
"987","S00974_20190808_010000.wav",5000,5623,32.4441316973177,2
"988","S00974_20190808_010000.wav",6300,7079,39.0713137503816,2
"989","S00974_20190808_020001.wav",100,112,26.5178843786224,2
"990","S00974_20190808_020001.wav",125,141,26.6879432179595,2
"991","S00974_20190808_020001.wav",160,178,26.9182021025063,2
"992","S00974_20190808_020001.wav",200,224,26.3913670576852,2
"993","S00974_20190808_020001.wav",250,282,26.5248029812965,2
"994","S00974_20190808_020001.wav",315,355,26.6007282749582,2
"995","S00974_20190808_020001.wav",400,447,26.4481060139852,2
"996","S00974_20190808_020001.wav",500,562,26.5243342304671,2
"997","S00974_20190808_020001.wav",630,708,26.556208089929,2
"998","S00974_20190808_020001.wav",800,891,26.4199876897403,2
"999","S00974_20190808_020001.wav",1000,1122,26.9842406890667,2
"1000","S00974_20190808_020001.wav",1250,1413,26.8305066631452,2
"1001","S00974_20190808_020001.wav",1600,1778,27.2388709447833,2
"1002","S00974_20190808_020001.wav",2000,2239,27.5148879690876,2
"1003","S00974_20190808_020001.wav",2500,2818,27.6945331982466,2
"1004","S00974_20190808_020001.wav",3150,3548,27.9657086010224,2
"1005","S00974_20190808_020001.wav",4000,4467,28.1236533649523,2
"1006","S00974_20190808_020001.wav",5000,5623,30.5845355558023,2
"1007","S00974_20190808_020001.wav",6300,7079,39.8670261050866,2
"1008","S00974_20190808_030001.wav",100,112,27.0304389362843,2
"1009","S00974_20190808_030001.wav",125,141,26.7928139411002,2
"1010","S00974_20190808_030001.wav",160,178,26.9761423028842,2
"1011","S00974_20190808_030001.wav",200,224,26.3209536850435,2
"1012","S00974_20190808_030001.wav",250,282,26.0996147554721,2
"1013","S00974_20190808_030001.wav",315,355,26.3194183011955,2
"1014","S00974_20190808_030001.wav",400,447,26.5153466013346,2
"1015","S00974_20190808_030001.wav",500,562,26.0281347893227,2
"1016","S00974_20190808_030001.wav",630,708,26.3696564129602,2
"1017","S00974_20190808_030001.wav",800,891,26.733441647776,2
"1018","S00974_20190808_030001.wav",1000,1122,26.7147918319048,2
"1019","S00974_20190808_030001.wav",1250,1413,26.9750446570206,2
"1020","S00974_20190808_030001.wav",1600,1778,27.1404813146513,2
"1021","S00974_20190808_030001.wav",2000,2239,27.5035905460481,2
"1022","S00974_20190808_030001.wav",2500,2818,27.6393780811936,2
"1023","S00974_20190808_030001.wav",3150,3548,27.9849419159047,2
"1024","S00974_20190808_030001.wav",4000,4467,28.2809765121749,2
"1025","S00974_20190808_030001.wav",5000,5623,28.8477219501927,2
"1026","S00974_20190808_030001.wav",6300,7079,38.3696846863252,2
"1027","S00974_20190808_040001.wav",100,112,26.8304387497339,2
"1028","S00974_20190808_040001.wav",125,141,27.0597067333657,2
"1029","S00974_20190808_040001.wav",160,178,27.0485370658525,2
"1030","S00974_20190808_040001.wav",200,224,26.9347168146411,2
"1031","S00974_20190808_040001.wav",250,282,26.2234888026142,2
"1032","S00974_20190808_040001.wav",315,355,26.3122203114976,2
"1033","S00974_20190808_040001.wav",400,447,26.3487761919289,2
"1034","S00974_20190808_040001.wav",500,562,26.1934331304122,2
"1035","S00974_20190808_040001.wav",630,708,26.1715484676383,2
"1036","S00974_20190808_040001.wav",800,891,26.9539513881169,2
"1037","S00974_20190808_040001.wav",1000,1122,26.6067409771495,2
"1038","S00974_20190808_040001.wav",1250,1413,26.738514990614,2
"1039","S00974_20190808_040001.wav",1600,1778,27.2097383565238,2
"1040","S00974_20190808_040001.wav",2000,2239,27.3961300594252,2
"1041","S00974_20190808_040001.wav",2500,2818,27.3777079420909,2
"1042","S00974_20190808_040001.wav",3150,3548,27.8102546475954,2
"1043","S00974_20190808_040001.wav",4000,4467,28.1773931920193,2
"1044","S00974_20190808_040001.wav",5000,5623,28.5689370886504,2
"1045","S00974_20190808_040001.wav",6300,7079,29.0253801406986,2
"1046","S00974_20190808_050002.wav",100,112,26.5736026276477,2
"1047","S00974_20190808_050002.wav",125,141,26.3853194071146,2
"1048","S00974_20190808_050002.wav",160,178,27.0752900119995,2
"1049","S00974_20190808_050002.wav",200,224,26.728847649042,2
"1050","S00974_20190808_050002.wav",250,282,26.520262325959,2
"1051","S00974_20190808_050002.wav",315,355,26.6638327622292,2
"1052","S00974_20190808_050002.wav",400,447,26.9305676376158,2
"1053","S00974_20190808_050002.wav",500,562,26.3150142567165,2
"1054","S00974_20190808_050002.wav",630,708,26.7467999644018,2
"1055","S00974_20190808_050002.wav",800,891,27.0627617682276,2
"1056","S00974_20190808_050002.wav",1000,1122,26.9729532875619,2
"1057","S00974_20190808_050002.wav",1250,1413,26.951951529008,2
"1058","S00974_20190808_050002.wav",1600,1778,27.3950633956383,2
"1059","S00974_20190808_050002.wav",2000,2239,27.7000278265537,2
"1060","S00974_20190808_050002.wav",2500,2818,27.8271697139319,2
"1061","S00974_20190808_050002.wav",3150,3548,27.9265715098353,2
"1062","S00974_20190808_050002.wav",4000,4467,28.3280572044419,2
"1063","S00974_20190808_050002.wav",5000,5623,28.625967491077,2
"1064","S00974_20190808_050002.wav",6300,7079,29.0647327628316,2
"1065","S00974_20190808_060002.wav",100,112,30.0982401897999,2
"1066","S00974_20190808_060002.wav",125,141,31.6911949517851,2
"1067","S00974_20190808_060002.wav",160,178,30.6374111325255,2
"1068","S00974_20190808_060002.wav",200,224,28.818156549782,2
"1069","S00974_20190808_060002.wav",250,282,30.360578294281,2
"1070","S00974_20190808_060002.wav",315,355,28.1320450970313,2
"1071","S00974_20190808_060002.wav",400,447,26.6887268553002,2
"1072","S00974_20190808_060002.wav",500,562,26.2829007080526,2
"1073","S00974_20190808_060002.wav",630,708,26.1151509242226,2
"1074","S00974_20190808_060002.wav",800,891,26.7564605736309,2
"1075","S00974_20190808_060002.wav",1000,1122,26.6585259452884,2
"1076","S00974_20190808_060002.wav",1250,1413,26.6905516878202,2
"1077","S00974_20190808_060002.wav",1600,1778,27.3760583219736,2
"1078","S00974_20190808_060002.wav",2000,2239,27.504695884775,2
"1079","S00974_20190808_060002.wav",2500,2818,27.808756808507,2
"1080","S00974_20190808_060002.wav",3150,3548,28.0820143159685,2
"1081","S00974_20190808_060002.wav",4000,4467,28.2501371031525,2
"1082","S00974_20190808_060002.wav",5000,5623,28.6432593817468,2
"1083","S00974_20190808_060002.wav",6300,7079,28.6027186229194,2
"1084","S00974_20190808_070002.wav",100,112,27.2569291892168,2
"1085","S00974_20190808_070002.wav",125,141,27.51797195338,2
"1086","S00974_20190808_070002.wav",160,178,27.3979966529418,2
"1087","S00974_20190808_070002.wav",200,224,26.938083316112,2
"1088","S00974_20190808_070002.wav",250,282,26.7906683417362,2
"1089","S00974_20190808_070002.wav",315,355,26.9974332772379,2
"1090","S00974_20190808_070002.wav",400,447,26.3352322309281,2
"1091","S00974_20190808_070002.wav",500,562,26.4795190947965,2
"1092","S00974_20190808_070002.wav",630,708,26.690581835034,2
"1093","S00974_20190808_070002.wav",800,891,26.6714084866431,2
"1094","S00974_20190808_070002.wav",1000,1122,26.9540272205168,2
"1095","S00974_20190808_070002.wav",1250,1413,27.0159428274048,2
"1096","S00974_20190808_070002.wav",1600,1778,27.5717021948466,2
"1097","S00974_20190808_070002.wav",2000,2239,27.4980574612551,2
"1098","S00974_20190808_070002.wav",2500,2818,27.8227835642014,2
"1099","S00974_20190808_070002.wav",3150,3548,28.0026535136785,2
"1100","S00974_20190808_070002.wav",4000,4467,28.2627934376697,2
"1101","S00974_20190808_070002.wav",5000,5623,28.6316754618149,2
"1102","S00974_20190808_070002.wav",6300,7079,28.5759022973426,2
"1103","S00974_20190808_080003.wav",100,112,28.181817739138,2
"1104","S00974_20190808_080003.wav",125,141,28.1251365100294,2
"1105","S00974_20190808_080003.wav",160,178,26.7897468927414,2
"1106","S00974_20190808_080003.wav",200,224,26.4937874917079,2
"1107","S00974_20190808_080003.wav",250,282,26.241072299778,2
"1108","S00974_20190808_080003.wav",315,355,26.4368784604502,2
"1109","S00974_20190808_080003.wav",400,447,26.2654202373402,2
"1110","S00974_20190808_080003.wav",500,562,26.4916852245699,2
"1111","S00974_20190808_080003.wav",630,708,26.3416833819748,2
"1112","S00974_20190808_080003.wav",800,891,26.9162334273659,2
"1113","S00974_20190808_080003.wav",1000,1122,26.8369734997243,2
"1114","S00974_20190808_080003.wav",1250,1413,27.2963728714412,2
"1115","S00974_20190808_080003.wav",1600,1778,27.3374323751134,2
"1116","S00974_20190808_080003.wav",2000,2239,27.5223954151241,2
"1117","S00974_20190808_080003.wav",2500,2818,27.5726376874576,2
"1118","S00974_20190808_080003.wav",3150,3548,28.0300613624786,2
"1119","S00974_20190808_080003.wav",4000,4467,28.230850101125,2
"1120","S00974_20190808_080003.wav",5000,5623,28.6885524813404,2
"1121","S00974_20190808_080003.wav",6300,7079,28.6367076219478,2
"1122","S00974_20190808_090003.wav",100,112,28.4357909166713,2
"1123","S00974_20190808_090003.wav",125,141,27.8861346459012,2
"1124","S00974_20190808_090003.wav",160,178,27.6514356926127,2
"1125","S00974_20190808_090003.wav",200,224,27.4848279754958,2
"1126","S00974_20190808_090003.wav",250,282,26.6464963510144,2
"1127","S00974_20190808_090003.wav",315,355,26.2488881454334,2
"1128","S00974_20190808_090003.wav",400,447,26.6240858861486,2
"1129","S00974_20190808_090003.wav",500,562,26.5155854544661,2
"1130","S00974_20190808_090003.wav",630,708,26.4607915256793,2
"1131","S00974_20190808_090003.wav",800,891,26.7741274407274,2
"1132","S00974_20190808_090003.wav",1000,1122,26.5463608415653,2
"1133","S00974_20190808_090003.wav",1250,1413,26.8247567083645,2
"1134","S00974_20190808_090003.wav",1600,1778,27.0856473981818,2
"1135","S00974_20190808_090003.wav",2000,2239,27.5243132878384,2
"1136","S00974_20190808_090003.wav",2500,2818,27.6746439533502,2
"1137","S00974_20190808_090003.wav",3150,3548,28.0127756320923,2
"1138","S00974_20190808_090003.wav",4000,4467,28.3745404678161,2
"1139","S00974_20190808_090003.wav",5000,5623,28.5828804595073,2
"1140","S00974_20190808_090003.wav",6300,7079,28.7377115062014,2
"1141","S00974_20190808_100004.wav",100,112,27.829751134138,2
"1142","S00974_20190808_100004.wav",125,141,27.4029793297483,2
"1143","S00974_20190808_100004.wav",160,178,27.5554877016986,2
"1144","S00974_20190808_100004.wav",200,224,26.6597349074959,2
"1145","S00974_20190808_100004.wav",250,282,26.5113387228538,2
"1146","S00974_20190808_100004.wav",315,355,26.7525891110869,2
"1147","S00974_20190808_100004.wav",400,447,26.1719674191495,2
"1148","S00974_20190808_100004.wav",500,562,26.0388925954413,2
"1149","S00974_20190808_100004.wav",630,708,26.6297961723197,2
"1150","S00974_20190808_100004.wav",800,891,26.6348727336259,2
"1151","S00974_20190808_100004.wav",1000,1122,26.9928969315388,2
"1152","S00974_20190808_100004.wav",1250,1413,26.9429121592544,2
"1153","S00974_20190808_100004.wav",1600,1778,27.2844188620285,2
"1154","S00974_20190808_100004.wav",2000,2239,27.499701895439,2
"1155","S00974_20190808_100004.wav",2500,2818,27.4699854311616,2
"1156","S00974_20190808_100004.wav",3150,3548,27.9075137244168,2
"1157","S00974_20190808_100004.wav",4000,4467,28.2968172108598,2
"1158","S00974_20190808_100004.wav",5000,5623,28.5616380485948,2
"1159","S00974_20190808_100004.wav",6300,7079,28.7478825502282,2
"1160","S00974_20190808_134218.wav",100,112,26.8336386584902,2
"1161","S00974_20190808_134218.wav",125,141,27.2245620355213,2
"1162","S00974_20190808_134218.wav",160,178,26.968167276239,2
"1163","S00974_20190808_134218.wav",200,224,26.2510013407453,2
"1164","S00974_20190808_134218.wav",250,282,26.6337664487688,2
"1165","S00974_20190808_134218.wav",315,355,26.2688583254928,2
"1166","S00974_20190808_134218.wav",400,447,26.4763341677277,2
"1167","S00974_20190808_134218.wav",500,562,26.7333012568498,2
"1168","S00974_20190808_134218.wav",630,708,26.4534223056944,2
"1169","S00974_20190808_134218.wav",800,891,26.4995225468477,2
"1170","S00974_20190808_134218.wav",1000,1122,27.0372609609097,2
"1171","S00974_20190808_134218.wav",1250,1413,26.8679121515983,2
"1172","S00974_20190808_134218.wav",1600,1778,27.3772839647272,2
"1173","S00974_20190808_134218.wav",2000,2239,27.2914310717511,2
"1174","S00974_20190808_134218.wav",2500,2818,27.5584681803207,2
"1175","S00974_20190808_134218.wav",3150,3548,27.8241598236072,2
"1176","S00974_20190808_134218.wav",4000,4467,28.1875615620924,2
"1177","S00974_20190808_134218.wav",5000,5623,28.5297363517518,2
"1178","S00974_20190808_134218.wav",6300,7079,28.5911186229762,2
"1179","S00974_20190808_154219.wav",100,112,28.0255178876663,2
"1180","S00974_20190808_154219.wav",125,141,27.4818130285955,2
"1181","S00974_20190808_154219.wav",160,178,27.0149231748978,2
"1182","S00974_20190808_154219.wav",200,224,26.8746011829068,2
"1183","S00974_20190808_154219.wav",250,282,26.9341233088986,2
"1184","S00974_20190808_154219.wav",315,355,26.1347299225921,2
"1185","S00974_20190808_154219.wav",400,447,26.7120988624469,2
"1186","S00974_20190808_154219.wav",500,562,26.5099905019361,2
"1187","S00974_20190808_154219.wav",630,708,26.3359807950546,2
"1188","S00974_20190808_154219.wav",800,891,26.4728771224389,2
"1189","S00974_20190808_154219.wav",1000,1122,26.7651178929278,2
"1190","S00974_20190808_154219.wav",1250,1413,27.0746318965117,2
"1191","S00974_20190808_154219.wav",1600,1778,26.8858263883772,2
"1192","S00974_20190808_154219.wav",2000,2239,27.4701586450145,2
"1193","S00974_20190808_154219.wav",2500,2818,27.5513388980709,2
"1194","S00974_20190808_154219.wav",3150,3548,27.8962227959661,2
"1195","S00974_20190808_154219.wav",4000,4467,28.187792064299,2
"1196","S00974_20190808_154219.wav",5000,5623,28.6613280691757,2
"1197","S00974_20190808_154219.wav",6300,7079,28.5370218962486,2
"1198","S00974_20190808_164219.wav",100,112,27.0130229682691,2
"1199","S00974_20190808_164219.wav",125,141,25.5282147982225,2
"1200","S00974_20190808_164219.wav",160,178,27.4431412644224,2
"1201","S00974_20190808_164219.wav",200,224,26.838241158058,2
"1202","S00974_20190808_164219.wav",250,282,27.0269329726058,2
"1203","S00974_20190808_164219.wav",315,355,26.4763187894975,2
"1204","S00974_20190808_164219.wav",400,447,26.6149996015756,2
"1205","S00974_20190808_164219.wav",500,562,26.5799259729979,2
"1206","S00974_20190808_164219.wav",630,708,26.9884967119998,2
"1207","S00974_20190808_164219.wav",800,891,26.5399434614034,2
"1208","S00974_20190808_164219.wav",1000,1122,26.9123140771461,2
"1209","S00974_20190808_164219.wav",1250,1413,27.0540595187867,2
"1210","S00974_20190808_164219.wav",1600,1778,27.0723069457871,2
"1211","S00974_20190808_164219.wav",2000,2239,27.4525392949287,2
"1212","S00974_20190808_164219.wav",2500,2818,27.693536681517,2
"1213","S00974_20190808_164219.wav",3150,3548,27.8610246030357,2
"1214","S00974_20190808_164219.wav",4000,4467,28.2343926082575,2
"1215","S00974_20190808_164219.wav",5000,5623,28.4583566223992,2
"1216","S00974_20190808_164219.wav",6300,7079,28.6779869155704,2
"1217","S01143_20190809_085748.wav",100,112,48.0977361739945,2
"1218","S01143_20190809_085748.wav",125,141,47.2088396789615,2
"1219","S01143_20190809_085748.wav",160,178,45.5730406365314,2
"1220","S01143_20190809_085748.wav",200,224,44.5484419742998,2
"1221","S01143_20190809_085748.wav",250,282,42.939701810167,2
"1222","S01143_20190809_085748.wav",315,355,41.6004014237266,2
"1223","S01143_20190809_085748.wav",400,447,40.0016112633717,2
"1224","S01143_20190809_085748.wav",500,562,38.9481950926219,2
"1225","S01143_20190809_085748.wav",630,708,37.8611532241776,2
"1226","S01143_20190809_085748.wav",800,891,36.6437726843816,2
"1227","S01143_20190809_085748.wav",1000,1122,35.8970391522969,2
"1228","S01143_20190809_085748.wav",1250,1413,34.5159020340709,2
"1229","S01143_20190809_085748.wav",1600,1778,33.6070278848716,2
"1230","S01143_20190809_085748.wav",2000,2239,32.7524359942796,2
"1231","S01143_20190809_085748.wav",2500,2818,32.1980121254195,2
"1232","S01143_20190809_085748.wav",3150,3548,31.8227680860408,2
"1233","S01143_20190809_085748.wav",4000,4467,31.3706225698676,2
"1234","S01143_20190809_085748.wav",5000,5623,31.0840746380105,2
"1235","S01143_20190809_085748.wav",6300,7079,30.7380800799531,2
"1236","S01143_20190809_095749.wav",100,112,41.128536856248,2
"1237","S01143_20190809_095749.wav",125,141,41.8602913420691,2
"1238","S01143_20190809_095749.wav",160,178,39.664685498809,2
"1239","S01143_20190809_095749.wav",200,224,39.7323905291105,2
"1240","S01143_20190809_095749.wav",250,282,38.4776931768502,2
"1241","S01143_20190809_095749.wav",315,355,37.5528897683661,2
"1242","S01143_20190809_095749.wav",400,447,36.6596160906485,2
"1243","S01143_20190809_095749.wav",500,562,35.8246856137777,2
"1244","S01143_20190809_095749.wav",630,708,34.892957102318,2
"1245","S01143_20190809_095749.wav",800,891,34.0163625327002,2
"1246","S01143_20190809_095749.wav",1000,1122,33.5149427399293,2
"1247","S01143_20190809_095749.wav",1250,1413,33.1646906006495,2
"1248","S01143_20190809_095749.wav",1600,1778,32.3546725879535,2
"1249","S01143_20190809_095749.wav",2000,2239,31.8219724549566,2
"1250","S01143_20190809_095749.wav",2500,2818,31.3669405692745,2
"1251","S01143_20190809_095749.wav",3150,3548,31.0771074044161,2
"1252","S01143_20190809_095749.wav",4000,4467,31.027444799654,2
"1253","S01143_20190809_095749.wav",5000,5623,30.8527015639571,2
"1254","S01143_20190809_095749.wav",6300,7079,30.8027840349132,2
"1255","S01143_20190811_100702.wav",100,112,36.7379063133445,2
"1256","S01143_20190811_100702.wav",125,141,37.287942115696,2
"1257","S01143_20190811_100702.wav",160,178,36.1065859505016,2
"1258","S01143_20190811_100702.wav",200,224,36.3030181845001,2
"1259","S01143_20190811_100702.wav",250,282,35.8007134866339,2
"1260","S01143_20190811_100702.wav",315,355,36.2040877596728,2
"1261","S01143_20190811_100702.wav",400,447,35.945219149388,2
"1262","S01143_20190811_100702.wav",500,562,34.9577792240671,2
"1263","S01143_20190811_100702.wav",630,708,34.6642409389934,2
"1264","S01143_20190811_100702.wav",800,891,33.9380764108786,2
"1265","S01143_20190811_100702.wav",1000,1122,33.6366323573577,2
"1266","S01143_20190811_100702.wav",1250,1413,33.1430074712823,2
"1267","S01143_20190811_100702.wav",1600,1778,32.5738392569491,2
"1268","S01143_20190811_100702.wav",2000,2239,32.0035335292268,2
"1269","S01143_20190811_100702.wav",2500,2818,31.6929900147823,2
"1270","S01143_20190811_100702.wav",3150,3548,31.697794055821,2
"1271","S01143_20190811_100702.wav",4000,4467,31.5799764850335,2
"1272","S01143_20190811_100702.wav",5000,5623,31.3993286907546,2
"1273","S01143_20190811_100702.wav",6300,7079,31.1067369576105,2
"1274","S01143_20190811_110703.wav",100,112,35.7642065863454,2
"1275","S01143_20190811_110703.wav",125,141,36.9498065772498,2
"1276","S01143_20190811_110703.wav",160,178,37.0049052344844,2
"1277","S01143_20190811_110703.wav",200,224,37.1650280890918,2
"1278","S01143_20190811_110703.wav",250,282,36.3101872887958,2
"1279","S01143_20190811_110703.wav",315,355,35.7431163612717,2
"1280","S01143_20190811_110703.wav",400,447,35.5378974456219,2
"1281","S01143_20190811_110703.wav",500,562,35.279830603211,2
"1282","S01143_20190811_110703.wav",630,708,34.6230966165528,2
"1283","S01143_20190811_110703.wav",800,891,34.2098441099348,2
"1284","S01143_20190811_110703.wav",1000,1122,33.6643762657113,2
"1285","S01143_20190811_110703.wav",1250,1413,33.1161489537818,2
"1286","S01143_20190811_110703.wav",1600,1778,32.6707938070375,2
"1287","S01143_20190811_110703.wav",2000,2239,32.2490578601242,2
"1288","S01143_20190811_110703.wav",2500,2818,31.7313906889162,2
"1289","S01143_20190811_110703.wav",3150,3548,31.5483623583502,2
"1290","S01143_20190811_110703.wav",4000,4467,31.5428784391261,2
"1291","S01143_20190811_110703.wav",5000,5623,31.5102843136463,2
"1292","S01143_20190811_110703.wav",6300,7079,31.0535518585911,2
"1293","S00976_20190812_160005.wav",100,112,29.83354752028,2
"1294","S00976_20190812_160005.wav",125,141,28.8612146697483,2
"1295","S00976_20190812_160005.wav",160,178,28.5190992109804,2
"1296","S00976_20190812_160005.wav",200,224,28.0090504269419,2
"1297","S00976_20190812_160005.wav",250,282,27.1857023035099,2
"1298","S00976_20190812_160005.wav",315,355,27.9979333673542,2
"1299","S00976_20190812_160005.wav",400,447,26.7360666182517,2
"1300","S00976_20190812_160005.wav",500,562,27.9395565945649,2
"1301","S00976_20190812_160005.wav",630,708,27.8646542934357,2
"1302","S00976_20190812_160005.wav",800,891,28.0756765312039,2
"1303","S00976_20190812_160005.wav",1000,1122,28.1424235889284,2
"1304","S00976_20190812_160005.wav",1250,1413,27.8800181201888,2
"1305","S00976_20190812_160005.wav",1600,1778,28.1446200324797,2
"1306","S00976_20190812_160005.wav",2000,2239,28.0117557839665,2
"1307","S00976_20190812_160005.wav",2500,2818,27.9240565408852,2
"1308","S00976_20190812_160005.wav",3150,3548,28.1294875066999,2
"1309","S00976_20190812_160005.wav",4000,4467,28.5381517750513,2
"1310","S00976_20190812_160005.wav",5000,5623,29.0462189310777,2
"1311","S00976_20190812_160005.wav",6300,7079,38.6910644875625,2
"1312","S01143_20190812_160006.wav",100,112,32.692226733627,2
"1313","S01143_20190812_160006.wav",125,141,31.9924906852119,2
"1314","S01143_20190812_160006.wav",160,178,31.0538467396929,2
"1315","S01143_20190812_160006.wav",200,224,30.9473124414482,2
"1316","S01143_20190812_160006.wav",250,282,31.2044109652634,2
"1317","S01143_20190812_160006.wav",315,355,30.4176349667383,2
"1318","S01143_20190812_160006.wav",400,447,30.7861322902065,2
"1319","S01143_20190812_160006.wav",500,562,30.3242421052354,2
"1320","S01143_20190812_160006.wav",630,708,30.2659447064661,2
"1321","S01143_20190812_160006.wav",800,891,30.0880495408508,2
"1322","S01143_20190812_160006.wav",1000,1122,30.2290316814813,2
"1323","S01143_20190812_160006.wav",1250,1413,29.441199607682,2
"1324","S01143_20190812_160006.wav",1600,1778,29.5460033350607,2
"1325","S01143_20190812_160006.wav",2000,2239,29.9473826300795,2
"1326","S01143_20190812_160006.wav",2500,2818,29.6751219643934,2
"1327","S01143_20190812_160006.wav",3150,3548,30.0541953084335,2
"1328","S01143_20190812_160006.wav",4000,4467,30.2057235755862,2
"1329","S01143_20190812_160006.wav",5000,5623,30.7973771812445,2
"1330","S01143_20190812_160006.wav",6300,7079,44.9642012392084,2
"1331","S00974_20190812_160006.wav",100,112,28.1568736954737,2
"1332","S00974_20190812_160006.wav",125,141,27.9267454517824,2
"1333","S00974_20190812_160006.wav",160,178,28.1202371982435,2
"1334","S00974_20190812_160006.wav",200,224,27.6131669845758,2
"1335","S00974_20190812_160006.wav",250,282,27.0676146669042,2
"1336","S00974_20190812_160006.wav",315,355,26.9772157596493,2
"1337","S00974_20190812_160006.wav",400,447,27.150441321269,2
"1338","S00974_20190812_160006.wav",500,562,27.0133254229473,2
"1339","S00974_20190812_160006.wav",630,708,27.491862920841,2
"1340","S00974_20190812_160006.wav",800,891,26.8669328221499,2
"1341","S00974_20190812_160006.wav",1000,1122,27.1239260282109,2
"1342","S00974_20190812_160006.wav",1250,1413,27.5945828157823,2
"1343","S00974_20190812_160006.wav",1600,1778,27.728793267974,2
"1344","S00974_20190812_160006.wav",2000,2239,27.7136296974507,2
"1345","S00974_20190812_160006.wav",2500,2818,27.8622384034477,2
"1346","S00974_20190812_160006.wav",3150,3548,27.9985354589288,2
"1347","S00974_20190812_160006.wav",4000,4467,28.6521491572034,2
"1348","S00974_20190812_160006.wav",5000,5623,29.1579953966182,2
"1349","S00974_20190812_160006.wav",6300,7079,36.3916571455741,2
