"recorder","Selection","View","Channel","Begin.Time..s.","End.Time..s.","Low.Freq..Hz.","High.Freq..Hz.","Delta.Time..s.","Inband.Power..dB.FS.","SNR.NIST.Quick..dB.FS.","Sound.Type","file.name","lon","lat","date","time","PowerDb","NoisevalueDb"
"M1",1,"Spectrogram 1",1,1033.5,1033.732349352,0,8000,0.2323,-29.95,16.07,"1_Phaser1","M1_20190823_080004",116.971518024802,4.74323401227593,"20190823","0800",60.5005253612556,49.9846648184279
"M1",2,"Spectrogram 1",1,1036.541664249,1038.569440415,0,8000,2.0278,-28.38,18.26,"1_Upsweep1","M1_20190823_080004",116.971518024802,4.74323401227593,"20190823","0800",62.204431812227,66.4050643024133
"M1",3,"Spectrogram 1",1,1040.533848576,1042.675320689,0,8000,2.1415,-28.39,18.4,"1_Downsweep1","M1_20190823_080004",116.971518024802,4.74323401227593,"20190823","0800",62.1405461234772,66.4050643024133
"M1",4,"Spectrogram 1",1,1045.561043659,1047.631065159,0,8000,2.07,-28.35,17.82,"1_Upsweep2","M1_20190823_080004",116.971518024802,4.74323401227593,"20190823","0800",62.1637696489115,66.4050643024133
"M1",5,"Spectrogram 1",1,1049.513874169,1051.626141009,0,8000,2.1123,-28.62,15.94,"1_Downsweep2","M1_20190823_080004",116.971518024802,4.74323401227593,"20190823","0800",61.7438963471126,66.4050643024133
"M1",6,"Spectrogram 1",1,1054.519946579,1056.611090749,0,8000,2.0911,-28.56,19.19,"1_Upsweep3","M1_20190823_080004",116.971518024802,4.74323401227593,"20190823","0800",61.33102536306,66.4050643024133
"M1",7,"Spectrogram 1",1,1058.554376239,1060.666643079,0,8000,2.1123,-28.56,19.14,"1_Downsweep3","M1_20190823_080004",116.971518024802,4.74323401227593,"20190823","0800",61.37932456205,66.4050643024133
"M1",8,"Spectrogram 1",1,1062.557121899,1062.810593919,0,8000,0.2535,-30.32,18.59,"1_Phaser2","M1_20190823_080004",116.971518024802,4.74323401227593,"20190823","0800",54.8146870635417,66.4050643024133
"M1",9,"Spectrogram 1",1,1071.886218779,1076.374901599,580,1080.8,4.4887,-27.01,23.84,"1_Hfunstart","M1_20190823_080004",116.971518024802,4.74323401227593,"20190823","0800",67.421217291497,66.4050643024133
"M1",12,"Spectrogram 1",1,1076.419519279,1083.216279029,580,1526.5,6.7968,-28.89,23.65,"1_Hfuntrill","M1_20190823_080004",116.971518024802,4.74323401227593,"20190823","0800",66.2078779779146,48.9377646856292
"M1",13,"Spectrogram 1",1,1092.118806709,1092.892179809,326.7,756.9,0.7734,-28.27,19.54,"1_Pmor_P2","M1_20190823_080004",116.971518024802,4.74323401227593,"20190823","0800",68.5932207048619,50.4132854008724
"M1",14,"Spectrogram 1",1,1094.245582729,1095.227171669,294.8,669.3,0.9816,-39.13,12.26,"1_Pmor_P3","M1_20190823_080004",116.971518024802,4.74323401227593,"20190823","0800",55.7291537244276,51.1626124219155
"M1",15,"Spectrogram 1",1,1096.773917869,1097.591908649,318.7,693.2,0.818,-35.51,15.47,"1_Pmor_P4","M1_20190823_080004",116.971518024802,4.74323401227593,"20190823","0800",57.3034266635697,51.091902794709
"M1",16,"Spectrogram 1",1,1099.289821669,1100.092939889,278.9,605.5,0.8031,-42.49,11.87,"1_Pmor_P5","M1_20190823_080004",116.971518024802,4.74323401227593,"20190823","0800",49.6981867627625,50.8114254836622
"M1",17,"Spectrogram 1",1,1102.085862879,1102.948471339,294.8,701.1,0.8626,-35.43,14.11,"1_Pmor_P6","M1_20190823_080004",116.971518024802,4.74323401227593,"20190823","0800",50.2409492166112,50.8614380903747
"M1",18,"Spectrogram 1",1,1104.889773909,1106.005215879,255,669.3,1.1154,-43.3,11.6,"1_Pmor_P7","M1_20190823_080004",116.971518024802,4.74323401227593,"20190823","0800",46.6839367676366,51.3142775515243
"M1",22,"Spectrogram 1",1,1138.833321659,1146.026599259,589.6,1381.6,7.1933,-31.55,15.31,"1_Halb_start","M1_20190823_080004",116.971518024802,4.74323401227593,"20190823","0800",52.4065744036132,51.6018785160296
"M1",23,"Spectrogram 1",1,1146.194863059,1150.864183659,748.9,1593.5,4.6693,-26.59,20.74,"1_Halb_peak","M1_20190823_080004",116.971518024802,4.74323401227593,"20190823","0800",69.3317680485675,49.9846648184279
"M1",24,"Spectrogram 1",1,1151.251441759,1154.259157259,358.5,900.3,3.0077,-38.1,12.5,"1_Halb_end","M1_20190823_080004",116.971518024802,4.74323401227593,"20190823","0800",38.793090029754,48.8477020932404
"M1",25,"Spectrogram 1",1,1156.97408468,1157.81540368,661.334,980.034,0.8413,-36.74,18.75,"1_Pwur_P1","M1_20190823_080004",116.971518024802,4.74323401227593,"20190823","0800",57.6853019068303,51.5084624456885
"M1",26,"Spectrogram 1",1,1158.916343418,1159.694563518,605.247,1043.447,0.7782,-28.52,20.47,"1_Pwur_P2","M1_20190823_080004",116.971518024802,4.74323401227593,"20190823","0800",68.4912725303594,46.9015956340887
"M1",27,"Spectrogram 1",1,1160.82426508,1161.47628738,609.87,1024.17,0.652,-29.21,20.9,"1_Pwur_P3","M1_20190823_080004",116.971518024802,4.74323401227593,"20190823","0800",68.8902758375853,48.3614952437999
"M1",28,"Spectrogram 1",1,1162.529585914,1163.328839014,786.238,1096.938,0.7993,-34.55,19.81,"1_Pwur_P4","M1_20190823_080004",116.971518024802,4.74323401227593,"20190823","0800",61.3226378119039,48.148266588455
"M1",29,"Spectrogram 1",1,1164.551035257,1165.392354357,736.526,1007.426,0.8413,-31.73,21.87,"1_Pwur_P5","M1_20190823_080004",116.971518024802,4.74323401227593,"20190823","0800",65.9807104273657,45.8062701593648
"M1",35,"Spectrogram 1",1,1182.969,1183.201349352,0,8000,0.2323,-30.56,18.69,"2_Phaser1","M1_20190823_080004",116.971518024802,4.74323401227593,"20190823","0800",55.6521170166658,45.9138708757819
"M1",36,"Spectrogram 1",1,1186.010664249,1188.038440415,0,8000,2.0278,-28.54,20.09,"2_Upsweep1","M1_20190823_080004",116.971518024802,4.74323401227593,"20190823","0800",61.9453421526908,66.4050643024133
"M1",37,"Spectrogram 1",1,1190.002848576,1192.144320689,0,8000,2.1415,-28.57,20.3,"2_Downsweep1","M1_20190823_080004",116.971518024802,4.74323401227593,"20190823","0800",61.5755050338599,66.4050643024133
"M1",38,"Spectrogram 1",1,1195.030043659,1197.100065159,0,8000,2.07,-28.68,19.83,"2_Upsweep2","M1_20190823_080004",116.971518024802,4.74323401227593,"20190823","0800",61.6194461859552,66.4050643024133
"M1",39,"Spectrogram 1",1,1198.982874169,1201.095141009,0,8000,2.1123,-28.52,19.82,"2_Downsweep2","M1_20190823_080004",116.971518024802,4.74323401227593,"20190823","0800",61.4623405551314,66.4050643024133
"M1",40,"Spectrogram 1",1,1203.988946579,1206.080090749,0,8000,2.0911,-28.7,19.73,"2_Upsweep3","M1_20190823_080004",116.971518024802,4.74323401227593,"20190823","0800",61.5554721901293,66.4050643024133
"M1",41,"Spectrogram 1",1,1208.023376239,1210.135643079,0,8000,2.1123,-28.61,20.37,"2_Downsweep3","M1_20190823_080004",116.971518024802,4.74323401227593,"20190823","0800",61.5430898717492,66.4050643024133
"M1",42,"Spectrogram 1",1,1212.026121899,1212.279593919,0,8000,0.2535,-30.74,18.53,"2_Phaser2","M1_20190823_080004",116.971518024802,4.74323401227593,"20190823","0800",54.1891066607319,66.4050643024133
"M1",43,"Spectrogram 1",1,1221.355218779,1225.843901599,580,1080.8,4.4887,-26.97,24.03,"2_Hfunstart","M1_20190823_080004",116.971518024802,4.74323401227593,"20190823","0800",67.5007028086974,66.4050643024133
"M1",46,"Spectrogram 1",1,1225.888519279,1232.685279029,580,1526.5,6.7968,-28.87,23.78,"2_Hfuntrill","M1_20190823_080004",116.971518024802,4.74323401227593,"20190823","0800",66.2565711745836,48.9377646856292
"M1",47,"Spectrogram 1",1,1241.587806709,1242.361179809,326.7,756.9,0.7734,-27.93,18.48,"2_Pmor_P2","M1_20190823_080004",116.971518024802,4.74323401227593,"20190823","0800",68.9610862364486,50.4132854008724
"M1",48,"Spectrogram 1",1,1243.714582729,1244.696171669,294.8,669.3,0.9816,-38.55,12.65,"2_Pmor_P3","M1_20190823_080004",116.971518024802,4.74323401227593,"20190823","0800",56.4618386767986,51.1626124219155
"M1",49,"Spectrogram 1",1,1246.242917869,1247.060908649,318.7,693.2,0.818,-35.26,15.24,"2_Pmor_P4","M1_20190823_080004",116.971518024802,4.74323401227593,"20190823","0800",57.6245722014835,51.091902794709
"M1",50,"Spectrogram 1",1,1248.758821669,1249.561939889,278.9,605.5,0.8031,-42.7,11.23,"2_Pmor_P5","M1_20190823_080004",116.971518024802,4.74323401227593,"20190823","0800",49.3883037922608,50.8114254836622
"M1",51,"Spectrogram 1",1,1251.554862879,1252.417471339,294.8,701.1,0.8626,-35.3,13.87,"2_Pmor_P6","M1_20190823_080004",116.971518024802,4.74323401227593,"20190823","0800",50.4404778428174,50.8614380903747
"M1",52,"Spectrogram 1",1,1254.358773909,1255.474215879,255,669.3,1.1154,-43.46,11.33,"2_Pmor_P7","M1_20190823_080004",116.971518024802,4.74323401227593,"20190823","0800",45.8984358772115,51.3142775515243
"M1",56,"Spectrogram 1",1,1288.302321659,1295.495599259,589.6,1381.6,7.1933,-31.47,15.22,"2_Halb_start","M1_20190823_080004",116.971518024802,4.74323401227593,"20190823","0800",52.6375164381757,51.6018785160296
"M1",57,"Spectrogram 1",1,1295.663863059,1300.333183659,748.9,1593.5,4.6693,-26.84,21.13,"2_Halb_peak","M1_20190823_080004",116.971518024802,4.74323401227593,"20190823","0800",69.1769034219972,49.9846648184279
"M1",58,"Spectrogram 1",1,1300.720441759,1303.728157259,358.5,900.3,3.0077,-38.55,12.73,"2_Halb_end","M1_20190823_080004",116.971518024802,4.74323401227593,"20190823","0800",39.8289800107098,48.8477020932404
"M1",59,"Spectrogram 1",1,1306.44308468,1307.28440368,661.334,980.034,0.8413,-36.68,16.78,"2_Pwur_P1","M1_20190823_080004",116.971518024802,4.74323401227593,"20190823","0800",57.8502535497423,51.5084624456885
"M1",60,"Spectrogram 1",1,1308.385343418,1309.163563518,605.247,1043.447,0.7782,-28.8,19.18,"2_Pwur_P2","M1_20190823_080004",116.971518024802,4.74323401227593,"20190823","0800",68.495041754582,46.9015956340887
"M1",61,"Spectrogram 1",1,1310.29326508,1310.94528738,609.87,1024.17,0.652,-29.08,20.42,"2_Pwur_P3","M1_20190823_080004",116.971518024802,4.74323401227593,"20190823","0800",68.9836469057799,48.3614952437999
"M1",62,"Spectrogram 1",1,1311.998585914,1312.797839014,786.238,1096.938,0.7993,-34.45,20.84,"2_Pwur_P4","M1_20190823_080004",116.971518024802,4.74323401227593,"20190823","0800",61.2933222709715,48.148266588455
"M1",63,"Spectrogram 1",1,1314.020035257,1314.861354357,736.526,1007.426,0.8413,-31.78,23.4,"2_Pwur_P5","M1_20190823_080004",116.971518024802,4.74323401227593,"20190823","0800",65.9608612584662,45.8062701593648
"M1",69,"Spectrogram 1",1,1332.4,1332.632349352,0,8000,0.2323,-30.63,19,"3_Phaser1","M1_20190823_080004",116.971518024802,4.74323401227593,"20190823","0800",55.3753007844491,45.9138708757819
"M1",70,"Spectrogram 1",1,1335.441664249,1337.469440415,0,8000,2.0278,-28.36,19.68,"3_Upsweep1","M1_20190823_080004",116.971518024802,4.74323401227593,"20190823","0800",61.7740894355251,66.4050643024133
"M1",71,"Spectrogram 1",1,1339.433848576,1341.575320689,0,8000,2.1415,-28.56,20.04,"3_Downsweep1","M1_20190823_080004",116.971518024802,4.74323401227593,"20190823","0800",61.4384258688504,66.4050643024133
"M1",72,"Spectrogram 1",1,1344.461043659,1346.531065159,0,8000,2.07,-28.57,20.02,"3_Upsweep2","M1_20190823_080004",116.971518024802,4.74323401227593,"20190823","0800",61.4945158331456,66.4050643024133
"M1",73,"Spectrogram 1",1,1348.413874169,1350.526141009,0,8000,2.1123,-28.68,19.87,"3_Downsweep2","M1_20190823_080004",116.971518024802,4.74323401227593,"20190823","0800",61.3726511785519,66.4050643024133
"M1",74,"Spectrogram 1",1,1353.419946579,1355.511090749,0,8000,2.0911,-28.63,19.13,"3_Upsweep3","M1_20190823_080004",116.971518024802,4.74323401227593,"20190823","0800",61.3156958751898,66.4050643024133
"M1",75,"Spectrogram 1",1,1357.454376239,1359.566643079,0,8000,2.1123,-28.67,19.49,"3_Downsweep3","M1_20190823_080004",116.971518024802,4.74323401227593,"20190823","0800",61.3648443571288,66.4050643024133
"M1",76,"Spectrogram 1",1,1361.457121899,1361.710593919,0,8000,0.2535,-30.64,19.33,"3_Phaser2","M1_20190823_080004",116.971518024802,4.74323401227593,"20190823","0800",53.5823387706423,66.4050643024133
"M1",77,"Spectrogram 1",1,1370.786218779,1375.274901599,580,1080.8,4.4887,-26.92,24.32,"3_Hfunstart","M1_20190823_080004",116.971518024802,4.74323401227593,"20190823","0800",67.5551727912804,66.4050643024133
"M1",80,"Spectrogram 1",1,1375.319519279,1382.116279029,580,1526.5,6.7968,-28.85,23.92,"3_Hfuntrill","M1_20190823_080004",116.971518024802,4.74323401227593,"20190823","0800",66.2805993649178,48.9377646856292
"M1",81,"Spectrogram 1",1,1391.018806709,1391.792179809,326.7,756.9,0.7734,-27.96,19.32,"3_Pmor_P2","M1_20190823_080004",116.971518024802,4.74323401227593,"20190823","0800",68.9761452893458,50.4132854008724
"M1",82,"Spectrogram 1",1,1393.145582729,1394.127171669,294.8,669.3,0.9816,-38.79,11.84,"3_Pmor_P3","M1_20190823_080004",116.971518024802,4.74323401227593,"20190823","0800",56.3158972925024,51.1626124219155
"M1",83,"Spectrogram 1",1,1395.673917869,1396.491908649,318.7,693.2,0.818,-35.44,15.26,"3_Pmor_P4","M1_20190823_080004",116.971518024802,4.74323401227593,"20190823","0800",57.5430652207338,51.091902794709
"M1",84,"Spectrogram 1",1,1398.189821669,1398.992939889,278.9,605.5,0.8031,-42.92,12.33,"3_Pmor_P5","M1_20190823_080004",116.971518024802,4.74323401227593,"20190823","0800",48.956854365531,50.8114254836622
"M1",85,"Spectrogram 1",1,1400.985862879,1401.848471339,294.8,701.1,0.8626,-35.44,14.54,"3_Pmor_P6","M1_20190823_080004",116.971518024802,4.74323401227593,"20190823","0800",50.0260035217022,50.8614380903747
"M1",86,"Spectrogram 1",1,1403.789773909,1404.905215879,255,669.3,1.1154,-43.27,11.31,"3_Pmor_P7","M1_20190823_080004",116.971518024802,4.74323401227593,"20190823","0800",46.4894380636273,51.3142775515243
"M1",90,"Spectrogram 1",1,1437.733321659,1444.926599259,589.6,1381.6,7.1933,-31.49,15.59,"3_Halb_start","M1_20190823_080004",116.971518024802,4.74323401227593,"20190823","0800",52.6528896312527,51.6018785160296
"M1",91,"Spectrogram 1",1,1445.094863059,1449.764183659,748.9,1593.5,4.6693,-26.79,20.34,"3_Halb_peak","M1_20190823_080004",116.971518024802,4.74323401227593,"20190823","0800",69.2259395647898,49.9846648184279
"M1",92,"Spectrogram 1",1,1450.151441759,1453.159157259,358.5,900.3,3.0077,-38.62,12.25,"3_Halb_end","M1_20190823_080004",116.971518024802,4.74323401227593,"20190823","0800",38.5128294987567,48.8477020932404
"M1",93,"Spectrogram 1",1,1455.87408468,1456.71540368,661.334,980.034,0.8413,-36.62,17.39,"3_Pwur_P1","M1_20190823_080004",116.971518024802,4.74323401227593,"20190823","0800",57.8450324562765,51.5084624456885
"M1",94,"Spectrogram 1",1,1457.816343418,1458.594563518,605.247,1043.447,0.7782,-28.53,20.73,"3_Pwur_P2","M1_20190823_080004",116.971518024802,4.74323401227593,"20190823","0800",68.4355137248637,46.9015956340887
"M1",95,"Spectrogram 1",1,1459.72426508,1460.37628738,609.87,1024.17,0.652,-29.07,20.72,"3_Pwur_P3","M1_20190823_080004",116.971518024802,4.74323401227593,"20190823","0800",68.8046712709227,48.3614952437999
"M1",96,"Spectrogram 1",1,1461.429585914,1462.228839014,786.238,1096.938,0.7993,-34.75,19.9,"3_Pwur_P4","M1_20190823_080004",116.971518024802,4.74323401227593,"20190823","0800",61.1387361353072,48.148266588455
"M1",97,"Spectrogram 1",1,1463.451035257,1464.292354357,736.526,1007.426,0.8413,-31.77,24.15,"3_Pwur_P5","M1_20190823_080004",116.971518024802,4.74323401227593,"20190823","0800",65.8271561212466,45.8062701593648
"M2",1,"Spectrogram 1",1,1033.45,1033.682349352,0,8000,0.2323,-36.73,17.04,"1_Phaser1","M2_20190823_080004",116.97133898735,4.74361295811832,"20190823","0800",45.6094731394519,39.8456455629146
"M2",2,"Spectrogram 1",1,1036.491664249,1038.519440415,0,8000,2.0278,-35.19,18.24,"1_Upsweep1","M2_20190823_080004",116.97133898735,4.74361295811832,"20190823","0800",53.0062575963682,60.7711504279754
"M2",3,"Spectrogram 1",1,1040.483848576,1042.625320689,0,8000,2.1415,-35.19,19.06,"1_Downsweep1","M2_20190823_080004",116.97133898735,4.74361295811832,"20190823","0800",52.9971320041436,60.7711504279754
"M2",4,"Spectrogram 1",1,1045.511043659,1047.581065159,0,8000,2.07,-35.35,18.66,"1_Upsweep2","M2_20190823_080004",116.97133898735,4.74361295811832,"20190823","0800",52.4118226445252,60.7711504279754
"M2",5,"Spectrogram 1",1,1049.463874169,1051.576141009,0,8000,2.1123,-35.45,19.04,"1_Downsweep2","M2_20190823_080004",116.97133898735,4.74361295811832,"20190823","0800",52.079572597563,60.7711504279754
"M2",6,"Spectrogram 1",1,1054.469946579,1056.561090749,0,8000,2.0911,-35.42,18.62,"1_Upsweep3","M2_20190823_080004",116.97133898735,4.74361295811832,"20190823","0800",52.1497497217883,60.7711504279754
"M2",7,"Spectrogram 1",1,1058.504376239,1060.616643079,0,8000,2.1123,-35.4,19.06,"1_Downsweep3","M2_20190823_080004",116.97133898735,4.74361295811832,"20190823","0800",52.1759494486628,60.7711504279754
"M2",8,"Spectrogram 1",1,1062.507121899,1062.760593919,0,8000,0.2535,-36.99,16.56,"1_Phaser2","M2_20190823_080004",116.97133898735,4.74361295811832,"20190823","0800",44.6171286105406,60.7711504279754
"M2",9,"Spectrogram 1",1,1071.836218779,1076.324901599,580,1080.8,4.4887,-35.08,23.81,"1_Hfunstart","M2_20190823_080004",116.97133898735,4.74361295811832,"20190823","0800",58.1157585614764,60.7711504279754
"M2",12,"Spectrogram 1",1,1076.369519279,1083.166279029,580,1526.5,6.7968,-38,21.73,"1_Hfuntrill","M2_20190823_080004",116.97133898735,4.74361295811832,"20190823","0800",56.6480330535484,43.1280238417383
"M2",13,"Spectrogram 1",1,1092.068806709,1092.842179809,326.7,756.9,0.7734,-38.14,17.61,"1_Pmor_P2","M2_20190823_080004",116.97133898735,4.74361295811832,"20190823","0800",58.3082190865943,44.4250032113204
"M2",14,"Spectrogram 1",1,1094.195582729,1095.177171669,294.8,669.3,0.9816,-48.27,12.46,"1_Pmor_P3","M2_20190823_080004",116.97133898735,4.74361295811832,"20190823","0800",44.7795664747066,44.5547980503777
"M2",15,"Spectrogram 1",1,1096.723917869,1097.541908649,318.7,693.2,0.818,-41.91,14.1,"1_Pmor_P4","M2_20190823_080004",116.97133898735,4.74361295811832,"20190823","0800",49.9948215052265,43.9255617549655
"M2",16,"Spectrogram 1",1,1099.239821669,1100.042939889,278.9,605.5,0.8031,-49.87,12.55,"1_Pmor_P5","M2_20190823_080004",116.97133898735,4.74361295811832,"20190823","0800",42.1169054451719,43.9879360682285
"M2",17,"Spectrogram 1",1,1102.035862879,1102.898471339,294.8,701.1,0.8626,-42.86,15.78,"1_Pmor_P6","M2_20190823_080004",116.97133898735,4.74361295811832,"20190823","0800",41.0035346772525,43.2009643113119
"M2",18,"Spectrogram 1",1,1104.839773909,1105.955215879,255,669.3,1.1154,-48.62,11.59,"1_Pmor_P7","M2_20190823_080004",116.97133898735,4.74361295811832,"20190823","0800",44.0051829001243,44.2937093027836
"M2",22,"Spectrogram 1",1,1138.783321659,1145.976599259,589.6,1381.6,7.1933,-39.43,15.67,"1_Halb_start","M2_20190823_080004",116.97133898735,4.74361295811832,"20190823","0800",45.5875756947871,44.234175805463
"M2",23,"Spectrogram 1",1,1146.144863059,1150.814183659,748.9,1593.5,4.6693,-36.44,20.34,"1_Halb_peak","M2_20190823_080004",116.97133898735,4.74361295811832,"20190823","0800",58.8071900983206,44.0614009833152
"M2",24,"Spectrogram 1",1,1151.201441759,1154.209157259,358.5,900.3,3.0077,-43.31,12.43,"1_Halb_end","M2_20190823_080004",116.97133898735,4.74361295811832,"20190823","0800",40.3365877746759,42.5996247398966
"M2",25,"Spectrogram 1",1,1156.92408468,1157.76540368,661.334,980.034,0.8413,-37.31,17.75,"1_Pwur_P1","M2_20190823_080004",116.97133898735,4.74361295811832,"20190823","0800",59.3956824096705,45.1112937328487
"M2",26,"Spectrogram 1",1,1158.866343418,1159.644563518,605.247,1043.447,0.7782,-37.19,19.1,"1_Pwur_P2","M2_20190823_080004",116.97133898735,4.74361295811832,"20190823","0800",60.1446965329626,41.1885440321768
"M2",27,"Spectrogram 1",1,1160.77426508,1161.42628738,609.87,1024.17,0.652,-37.6,19.2,"1_Pwur_P3","M2_20190823_080004",116.97133898735,4.74361295811832,"20190823","0800",60.3053804241305,42.5563125034065
"M2",28,"Spectrogram 1",1,1162.479585914,1163.278839014,786.238,1096.938,0.7993,-45.01,17.55,"1_Pwur_P4","M2_20190823_080004",116.97133898735,4.74361295811832,"20190823","0800",52.044750873571,42.3673263352315
"M2",29,"Spectrogram 1",1,1164.501035257,1165.342354357,736.526,1007.426,0.8413,-40.54,19.7,"1_Pwur_P5","M2_20190823_080004",116.97133898735,4.74361295811832,"20190823","0800",56.0213370826315,39.6120590459904
"M2",35,"Spectrogram 1",1,1182.919,1183.151349352,0,8000,0.2323,-36.73,16.86,"2_Phaser1","M2_20190823_080004",116.97133898735,4.74361295811832,"20190823","0800",44.2591391932953,39.8456455629146
"M2",36,"Spectrogram 1",1,1185.960664249,1187.988440415,0,8000,2.0278,-35.02,18.78,"2_Upsweep1","M2_20190823_080004",116.97133898735,4.74361295811832,"20190823","0800",53.5546171764688,60.7711504279754
"M2",37,"Spectrogram 1",1,1189.952848576,1192.094320689,0,8000,2.1415,-35.04,19.25,"2_Downsweep1","M2_20190823_080004",116.97133898735,4.74361295811832,"20190823","0800",53.47270084353,60.7711504279754
"M2",38,"Spectrogram 1",1,1194.980043659,1197.050065159,0,8000,2.07,-35.29,19.14,"2_Upsweep2","M2_20190823_080004",116.97133898735,4.74361295811832,"20190823","0800",52.655725871587,60.7711504279754
"M2",39,"Spectrogram 1",1,1198.932874169,1201.045141009,0,8000,2.1123,-35.38,19.25,"2_Downsweep2","M2_20190823_080004",116.97133898735,4.74361295811832,"20190823","0800",52.2641951437754,60.7711504279754
"M2",40,"Spectrogram 1",1,1203.938946579,1206.030090749,0,8000,2.0911,-35.34,18.82,"2_Upsweep3","M2_20190823_080004",116.97133898735,4.74361295811832,"20190823","0800",52.4648283610626,60.7711504279754
"M2",41,"Spectrogram 1",1,1207.973376239,1210.085643079,0,8000,2.1123,-35.39,19.59,"2_Downsweep3","M2_20190823_080004",116.97133898735,4.74361295811832,"20190823","0800",52.3750898622508,60.7711504279754
"M2",42,"Spectrogram 1",1,1211.976121899,1212.229593919,0,8000,0.2535,-36.92,15.89,"2_Phaser2","M2_20190823_080004",116.97133898735,4.74361295811832,"20190823","0800",43.6707589492578,60.7711504279754
"M2",43,"Spectrogram 1",1,1221.305218779,1225.793901599,580,1080.8,4.4887,-35.11,23.57,"2_Hfunstart","M2_20190823_080004",116.97133898735,4.74361295811832,"20190823","0800",58.2346525982505,60.7711504279754
"M2",46,"Spectrogram 1",1,1225.838519279,1232.635279029,580,1526.5,6.7968,-37.94,21.56,"2_Hfuntrill","M2_20190823_080004",116.97133898735,4.74361295811832,"20190823","0800",56.6114731154698,43.1280238417383
"M2",47,"Spectrogram 1",1,1241.537806709,1242.311179809,326.7,756.9,0.7734,-38.84,17.6,"2_Pmor_P2","M2_20190823_080004",116.97133898735,4.74361295811832,"20190823","0800",57.3154187559215,44.4250032113204
"M2",48,"Spectrogram 1",1,1243.664582729,1244.646171669,294.8,669.3,0.9816,-47.25,12.5,"2_Pmor_P3","M2_20190823_080004",116.97133898735,4.74361295811832,"20190823","0800",46.4494013549015,44.5547980503777
"M2",49,"Spectrogram 1",1,1246.192917869,1247.010908649,318.7,693.2,0.818,-42.65,14.78,"2_Pmor_P4","M2_20190823_080004",116.97133898735,4.74361295811832,"20190823","0800",49.4003973541042,43.9255617549655
"M2",50,"Spectrogram 1",1,1248.708821669,1249.511939889,278.9,605.5,0.8031,-50.14,13.18,"2_Pmor_P5","M2_20190823_080004",116.97133898735,4.74361295811832,"20190823","0800",41.4961263923789,43.9879360682285
"M2",51,"Spectrogram 1",1,1251.504862879,1252.367471339,294.8,701.1,0.8626,-42.53,14.61,"2_Pmor_P6","M2_20190823_080004",116.97133898735,4.74361295811832,"20190823","0800",42.3049607287574,43.2009643113119
"M2",52,"Spectrogram 1",1,1254.308773909,1255.424215879,255,669.3,1.1154,-48.29,11.14,"2_Pmor_P7","M2_20190823_080004",116.97133898735,4.74361295811832,"20190823","0800",44.3439294233055,44.2937093027836
"M2",56,"Spectrogram 1",1,1288.252321659,1295.445599259,589.6,1381.6,7.1933,-39.69,15.36,"2_Halb_start","M2_20190823_080004",116.97133898735,4.74361295811832,"20190823","0800",45.2363154867369,44.234175805463
"M2",57,"Spectrogram 1",1,1295.613863059,1300.283183659,748.9,1593.5,4.6693,-36.88,19.77,"2_Halb_peak","M2_20190823_080004",116.97133898735,4.74361295811832,"20190823","0800",58.6208911141555,44.0614009833152
"M2",58,"Spectrogram 1",1,1300.670441759,1303.678157259,358.5,900.3,3.0077,-43.54,12.59,"2_Halb_end","M2_20190823_080004",116.97133898735,4.74361295811832,"20190823","0800",39.911795933337,42.5996247398966
"M2",59,"Spectrogram 1",1,1306.39308468,1307.23440368,661.334,980.034,0.8413,-37.65,15.81,"2_Pwur_P1","M2_20190823_080004",116.97133898735,4.74361295811832,"20190823","0800",59.0110960805228,45.1112937328487
"M2",60,"Spectrogram 1",1,1308.335343418,1309.113563518,605.247,1043.447,0.7782,-37.46,19.38,"2_Pwur_P2","M2_20190823_080004",116.97133898735,4.74361295811832,"20190823","0800",59.8662531198498,41.1885440321768
"M2",61,"Spectrogram 1",1,1310.24326508,1310.89528738,609.87,1024.17,0.652,-37.48,19.45,"2_Pwur_P3","M2_20190823_080004",116.97133898735,4.74361295811832,"20190823","0800",60.2677580358211,42.5563125034065
"M2",62,"Spectrogram 1",1,1311.948585914,1312.747839014,786.238,1096.938,0.7993,-45.1,17.03,"2_Pwur_P4","M2_20190823_080004",116.97133898735,4.74361295811832,"20190823","0800",51.7786025424303,42.3673263352315
"M2",63,"Spectrogram 1",1,1313.970035257,1314.811354357,736.526,1007.426,0.8413,-40.52,20.96,"2_Pwur_P5","M2_20190823_080004",116.97133898735,4.74361295811832,"20190823","0800",56.0161411145916,39.6120590459904
"M2",69,"Spectrogram 1",1,1332.35,1332.582349352,0,8000,0.2323,-36.43,17.93,"3_Phaser1","M2_20190823_080004",116.97133898735,4.74361295811832,"20190823","0800",45.3073809908635,39.8456455629146
"M2",70,"Spectrogram 1",1,1335.391664249,1337.419440415,0,8000,2.0278,-35.16,18.89,"3_Upsweep1","M2_20190823_080004",116.97133898735,4.74361295811832,"20190823","0800",53.1123795478476,60.7711504279754
"M2",71,"Spectrogram 1",1,1339.383848576,1341.525320689,0,8000,2.1415,-35.21,19.51,"3_Downsweep1","M2_20190823_080004",116.97133898735,4.74361295811832,"20190823","0800",52.9310006366122,60.7711504279754
"M2",72,"Spectrogram 1",1,1344.411043659,1346.481065159,0,8000,2.07,-35.23,18.47,"3_Upsweep2","M2_20190823_080004",116.97133898735,4.74361295811832,"20190823","0800",52.9049472790072,60.7711504279754
"M2",73,"Spectrogram 1",1,1348.363874169,1350.476141009,0,8000,2.1123,-35.37,19.32,"3_Downsweep2","M2_20190823_080004",116.97133898735,4.74361295811832,"20190823","0800",52.4493260261332,60.7711504279754
"M2",74,"Spectrogram 1",1,1353.369946579,1355.461090749,0,8000,2.0911,-35.38,18.49,"3_Upsweep3","M2_20190823_080004",116.97133898735,4.74361295811832,"20190823","0800",52.3675508417978,60.7711504279754
"M2",75,"Spectrogram 1",1,1357.404376239,1359.516643079,0,8000,2.1123,-35.33,19.12,"3_Downsweep3","M2_20190823_080004",116.97133898735,4.74361295811832,"20190823","0800",52.5289107868809,60.7711504279754
"M2",76,"Spectrogram 1",1,1361.407121899,1361.660593919,0,8000,0.2535,-36.72,17.32,"3_Phaser2","M2_20190823_080004",116.97133898735,4.74361295811832,"20190823","0800",45.937421284652,60.7711504279754
"M2",77,"Spectrogram 1",1,1370.736218779,1375.224901599,580,1080.8,4.4887,-34.93,23.55,"3_Hfunstart","M2_20190823_080004",116.97133898735,4.74361295811832,"20190823","0800",58.359224824851,60.7711504279754
"M2",80,"Spectrogram 1",1,1375.269519279,1382.066279029,580,1526.5,6.7968,-37.69,21.54,"3_Hfuntrill","M2_20190823_080004",116.97133898735,4.74361295811832,"20190823","0800",57.2021932433251,43.1280238417383
"M2",81,"Spectrogram 1",1,1390.968806709,1391.742179809,326.7,756.9,0.7734,-38.66,17.57,"3_Pmor_P2","M2_20190823_080004",116.97133898735,4.74361295811832,"20190823","0800",57.5889683647274,44.4250032113204
"M2",82,"Spectrogram 1",1,1393.095582729,1394.077171669,294.8,669.3,0.9816,-47.05,12.41,"3_Pmor_P3","M2_20190823_080004",116.97133898735,4.74361295811832,"20190823","0800",47.2455265141979,44.5547980503777
"M2",83,"Spectrogram 1",1,1395.623917869,1396.441908649,318.7,693.2,0.818,-42.31,15.56,"3_Pmor_P4","M2_20190823_080004",116.97133898735,4.74361295811832,"20190823","0800",49.7888025696973,43.9255617549655
"M2",84,"Spectrogram 1",1,1398.139821669,1398.942939889,278.9,605.5,0.8031,-49.95,11.45,"3_Pmor_P5","M2_20190823_080004",116.97133898735,4.74361295811832,"20190823","0800",41.6862441831862,43.9879360682285
"M2",85,"Spectrogram 1",1,1400.935862879,1401.798471339,294.8,701.1,0.8626,-42.6,14.71,"3_Pmor_P6","M2_20190823_080004",116.97133898735,4.74361295811832,"20190823","0800",41.7255960806115,43.2009643113119
"M2",86,"Spectrogram 1",1,1403.739773909,1404.855215879,255,669.3,1.1154,-48.36,10.86,"3_Pmor_P7","M2_20190823_080004",116.97133898735,4.74361295811832,"20190823","0800",44.6072423714109,44.2937093027836
"M2",90,"Spectrogram 1",1,1437.683321659,1444.876599259,589.6,1381.6,7.1933,-39.46,15.97,"3_Halb_start","M2_20190823_080004",116.97133898735,4.74361295811832,"20190823","0800",45.5923507240884,44.234175805463
"M2",91,"Spectrogram 1",1,1445.044863059,1449.714183659,748.9,1593.5,4.6693,-36.81,19.14,"3_Halb_peak","M2_20190823_080004",116.97133898735,4.74361295811832,"20190823","0800",58.615163856072,44.0614009833152
"M2",92,"Spectrogram 1",1,1450.101441759,1453.109157259,358.5,900.3,3.0077,-43.61,11.83,"3_Halb_end","M2_20190823_080004",116.97133898735,4.74361295811832,"20190823","0800",38.0033100768864,42.5996247398966
"M2",93,"Spectrogram 1",1,1455.82408468,1456.66540368,661.334,980.034,0.8413,-37.42,17.01,"3_Pwur_P1","M2_20190823_080004",116.97133898735,4.74361295811832,"20190823","0800",59.3501276162368,45.1112937328487
"M2",94,"Spectrogram 1",1,1457.766343418,1458.544563518,605.247,1043.447,0.7782,-37.07,18.9,"3_Pwur_P2","M2_20190823_080004",116.97133898735,4.74361295811832,"20190823","0800",60.1325744488953,41.1885440321768
"M2",95,"Spectrogram 1",1,1459.67426508,1460.32628738,609.87,1024.17,0.652,-37.48,19.67,"3_Pwur_P3","M2_20190823_080004",116.97133898735,4.74361295811832,"20190823","0800",60.4571237226459,42.5563125034065
"M2",96,"Spectrogram 1",1,1461.379585914,1462.178839014,786.238,1096.938,0.7993,-44.72,16.69,"3_Pwur_P4","M2_20190823_080004",116.97133898735,4.74361295811832,"20190823","0800",52.456249898979,42.3673263352315
"M2",97,"Spectrogram 1",1,1463.401035257,1464.242354357,736.526,1007.426,0.8413,-40.22,21.22,"3_Pwur_P5","M2_20190823_080004",116.97133898735,4.74361295811832,"20190823","0800",56.0858588225159,39.6120590459904
"M3",1,"Spectrogram 1",1,1033.75,1033.982349352,0,8000,0.2323,-36.38,17.49,"1_Phaser1","M3_20190823_080004",116.971133965999,4.74398796446621,"20190823","0800",39.3232030823513,41.5010819473986
"M3",2,"Spectrogram 1",1,1036.791664249,1038.819440415,0,8000,2.0278,-35.46,18.28,"1_Upsweep1","M3_20190823_080004",116.971133965999,4.74398796446621,"20190823","0800",47.1326060607637,62.015940161182
"M3",3,"Spectrogram 1",1,1040.783848576,1042.925320689,0,8000,2.1415,-35.52,18.73,"1_Downsweep1","M3_20190823_080004",116.971133965999,4.74398796446621,"20190823","0800",47.1143154573392,62.015940161182
"M3",4,"Spectrogram 1",1,1045.811043659,1047.881065159,0,8000,2.07,-35.52,18.98,"1_Upsweep2","M3_20190823_080004",116.971133965999,4.74398796446621,"20190823","0800",46.9518468685153,62.015940161182
"M3",5,"Spectrogram 1",1,1049.763874169,1051.876141009,0,8000,2.1123,-35.63,18.62,"1_Downsweep2","M3_20190823_080004",116.971133965999,4.74398796446621,"20190823","0800",46.37690240412,62.015940161182
"M3",6,"Spectrogram 1",1,1054.769946579,1056.861090749,0,8000,2.0911,-35.58,18.92,"1_Upsweep3","M3_20190823_080004",116.971133965999,4.74398796446621,"20190823","0800",46.3840732071668,62.015940161182
"M3",7,"Spectrogram 1",1,1058.804376239,1060.916643079,0,8000,2.1123,-35.62,19.39,"1_Downsweep3","M3_20190823_080004",116.971133965999,4.74398796446621,"20190823","0800",45.9922849768197,62.015940161182
"M3",8,"Spectrogram 1",1,1062.807121899,1063.060593919,0,8000,0.2535,-36.36,18.21,"1_Phaser2","M3_20190823_080004",116.971133965999,4.74398796446621,"20190823","0800",38.7998422735694,62.015940161182
"M3",9,"Spectrogram 1",1,1072.136218779,1076.624901599,580,1080.8,4.4887,-43.84,16.88,"1_Hfunstart","M3_20190823_080004",116.971133965999,4.74398796446621,"20190823","0800",41.5733758967457,62.015940161182
"M3",12,"Spectrogram 1",1,1076.669519279,1083.466279029,580,1526.5,6.7968,-40.65,19.39,"1_Hfuntrill","M3_20190823_080004",116.971133965999,4.74398796446621,"20190823","0800",52.5051860059104,44.3239003811081
"M3",13,"Spectrogram 1",1,1092.368806709,1093.142179809,326.7,756.9,0.7734,-46.35,13.28,"1_Pmor_P2","M3_20190823_080004",116.971133965999,4.74398796446621,"20190823","0800",44.1860928082753,45.4273217323035
"M3",14,"Spectrogram 1",1,1094.495582729,1095.477171669,294.8,669.3,0.9816,-47.62,11.14,"1_Pmor_P3","M3_20190823_080004",116.971133965999,4.74398796446621,"20190823","0800",44.418893447113,45.6455211353028
"M3",15,"Spectrogram 1",1,1097.023917869,1097.841908649,318.7,693.2,0.818,-48.23,11.58,"1_Pmor_P4","M3_20190823_080004",116.971133965999,4.74398796446621,"20190823","0800",41.4337321868149,45.4575367251704
"M3",16,"Spectrogram 1",1,1099.539821669,1100.342939889,278.9,605.5,0.8031,-48.51,11.76,"1_Pmor_P5","M3_20190823_080004",116.971133965999,4.74398796446621,"20190823","0800",42.6459936634312,45.2567772840334
"M3",17,"Spectrogram 1",1,1102.335862879,1103.198471339,294.8,701.1,0.8626,-45.45,12.96,"1_Pmor_P6","M3_20190823_080004",116.971133965999,4.74398796446621,"20190823","0800",39.1902361807294,45.1795854991353
"M3",18,"Spectrogram 1",1,1105.139773909,1106.255215879,255,669.3,1.1154,-50.37,11.71,"1_Pmor_P7","M3_20190823_080004",116.971133965999,4.74398796446621,"20190823","0800",35.2018104984029,45.7014994893734
"M3",22,"Spectrogram 1",1,1139.083321659,1146.276599259,589.6,1381.6,7.1933,-43.22,13.72,"1_Halb_start","M3_20190823_080004",116.971133965999,4.74398796446621,"20190823","0800",36.9985434177583,46.0459962161059
"M3",23,"Spectrogram 1",1,1146.444863059,1151.114183659,748.9,1593.5,4.6693,-37.52,17.68,"1_Halb_peak","M3_20190823_080004",116.971133965999,4.74398796446621,"20190823","0800",56.6225362796291,45.0684412672993
"M3",24,"Spectrogram 1",1,1151.501441759,1154.509157259,358.5,900.3,3.0077,-48.48,11.4,"1_Halb_end","M3_20190823_080004",116.971133965999,4.74398796446621,"20190823","0800",29.5009024963717,43.6779904730379
"M3",25,"Spectrogram 1",1,1157.22408468,1158.06540368,661.334,980.034,0.8413,-46.15,14.28,"1_Pwur_P1","M3_20190823_080004",116.971133965999,4.74398796446621,"20190823","0800",46.2384021365758,46.159653671881
"M3",26,"Spectrogram 1",1,1159.166343418,1159.944563518,605.247,1043.447,0.7782,-38.92,16.87,"1_Pwur_P2","M3_20190823_080004",116.971133965999,4.74398796446621,"20190823","0800",57.0035040638504,42.6109243503464
"M3",27,"Spectrogram 1",1,1161.07426508,1161.72628738,609.87,1024.17,0.652,-39.5,18.84,"1_Pwur_P3","M3_20190823_080004",116.971133965999,4.74398796446621,"20190823","0800",57.7616396180462,43.8305597829934
"M3",28,"Spectrogram 1",1,1162.779585914,1163.578839014,786.238,1096.938,0.7993,-45.88,15.15,"1_Pwur_P4","M3_20190823_080004",116.971133965999,4.74398796446621,"20190823","0800",48.3238154771145,43.6597458194615
"M3",29,"Spectrogram 1",1,1164.801035257,1165.642354357,736.526,1007.426,0.8413,-42.4,20.2,"1_Pwur_P5","M3_20190823_080004",116.971133965999,4.74398796446621,"20190823","0800",54.6831145532803,41.026266203583
"M3",35,"Spectrogram 1",1,1183.219,1183.451349352,0,8000,0.2323,-36.36,17.57,"2_Phaser1","M3_20190823_080004",116.971133965999,4.74398796446621,"20190823","0800",41.7022343754904,41.5010819473986
"M3",36,"Spectrogram 1",1,1186.260664249,1188.288440415,0,8000,2.0278,-35.51,19.19,"2_Upsweep1","M3_20190823_080004",116.971133965999,4.74398796446621,"20190823","0800",46.8553969082855,62.015940161182
"M3",37,"Spectrogram 1",1,1190.252848576,1192.394320689,0,8000,2.1415,-35.48,19.31,"2_Downsweep1","M3_20190823_080004",116.971133965999,4.74398796446621,"20190823","0800",46.9956128003616,62.015940161182
"M3",38,"Spectrogram 1",1,1195.280043659,1197.350065159,0,8000,2.07,-35.51,19.33,"2_Upsweep2","M3_20190823_080004",116.971133965999,4.74398796446621,"20190823","0800",46.8336715334828,62.015940161182
"M3",39,"Spectrogram 1",1,1199.232874169,1201.345141009,0,8000,2.1123,-35.53,19,"2_Downsweep2","M3_20190823_080004",116.971133965999,4.74398796446621,"20190823","0800",46.6391444438306,62.015940161182
"M3",40,"Spectrogram 1",1,1204.238946579,1206.330090749,0,8000,2.0911,-35.58,19.76,"2_Upsweep3","M3_20190823_080004",116.971133965999,4.74398796446621,"20190823","0800",46.385090989331,62.015940161182
"M3",41,"Spectrogram 1",1,1208.273376239,1210.385643079,0,8000,2.1123,-35.59,19.27,"2_Downsweep3","M3_20190823_080004",116.971133965999,4.74398796446621,"20190823","0800",46.342059780037,62.015940161182
"M3",42,"Spectrogram 1",1,1212.276121899,1212.529593919,0,8000,0.2535,-36.27,17.29,"2_Phaser2","M3_20190823_080004",116.971133965999,4.74398796446621,"20190823","0800",39.1376122347871,62.015940161182
"M3",43,"Spectrogram 1",1,1221.605218779,1226.093901599,580,1080.8,4.4887,-43.49,17.26,"2_Hfunstart","M3_20190823_080004",116.971133965999,4.74398796446621,"20190823","0800",42.3189586157454,62.015940161182
"M3",46,"Spectrogram 1",1,1226.138519279,1232.935279029,580,1526.5,6.7968,-40.73,19.22,"2_Hfuntrill","M3_20190823_080004",116.971133965999,4.74398796446621,"20190823","0800",52.5181748347777,44.3239003811081
"M3",47,"Spectrogram 1",1,1241.837806709,1242.611179809,326.7,756.9,0.7734,-45.91,11.9,"2_Pmor_P2","M3_20190823_080004",116.971133965999,4.74398796446621,"20190823","0800",44.5635600369377,45.4273217323035
"M3",48,"Spectrogram 1",1,1243.964582729,1244.946171669,294.8,669.3,0.9816,-47.04,11.74,"2_Pmor_P3","M3_20190823_080004",116.971133965999,4.74398796446621,"20190823","0800",45.8197764278326,45.6455211353028
"M3",49,"Spectrogram 1",1,1246.492917869,1247.310908649,318.7,693.2,0.818,-47.48,11.77,"2_Pmor_P4","M3_20190823_080004",116.971133965999,4.74398796446621,"20190823","0800",42.8909429148372,45.4575367251704
"M3",50,"Spectrogram 1",1,1249.008821669,1249.811939889,278.9,605.5,0.8031,-48.51,12.1,"2_Pmor_P5","M3_20190823_080004",116.971133965999,4.74398796446621,"20190823","0800",43.0143719833628,45.2567772840334
"M3",51,"Spectrogram 1",1,1251.804862879,1252.667471339,294.8,701.1,0.8626,-45.18,13.11,"2_Pmor_P6","M3_20190823_080004",116.971133965999,4.74398796446621,"20190823","0800",39.0042581877489,45.1795854991353
"M3",52,"Spectrogram 1",1,1254.608773909,1255.724215879,255,669.3,1.1154,-50.64,10.92,"2_Pmor_P7","M3_20190823_080004",116.971133965999,4.74398796446621,"20190823","0800",32.8149663131808,45.7014994893734
"M3",56,"Spectrogram 1",1,1288.552321659,1295.745599259,589.6,1381.6,7.1933,-43.15,14.08,"2_Halb_start","M3_20190823_080004",116.971133965999,4.74398796446621,"20190823","0800",37.4979424492156,46.0459962161059
"M3",57,"Spectrogram 1",1,1295.913863059,1300.583183659,748.9,1593.5,4.6693,-37.71,18.92,"2_Halb_peak","M3_20190823_080004",116.971133965999,4.74398796446621,"20190823","0800",56.3854013620212,45.0684412672993
"M3",58,"Spectrogram 1",1,1300.970441759,1303.978157259,358.5,900.3,3.0077,-48.5,11.62,"2_Halb_end","M3_20190823_080004",116.971133965999,4.74398796446621,"20190823","0800",26.7119664462165,43.6779904730379
"M3",59,"Spectrogram 1",1,1306.69308468,1307.53440368,661.334,980.034,0.8413,-45.29,13.49,"2_Pwur_P1","M3_20190823_080004",116.971133965999,4.74398796446621,"20190823","0800",47.6596330829756,46.159653671881
"M3",60,"Spectrogram 1",1,1308.635343418,1309.413563518,605.247,1043.447,0.7782,-39.02,17.18,"2_Pwur_P2","M3_20190823_080004",116.971133965999,4.74398796446621,"20190823","0800",56.8394759924147,42.6109243503464
"M3",61,"Spectrogram 1",1,1310.54326508,1311.19528738,609.87,1024.17,0.652,-39.77,17.51,"2_Pwur_P3","M3_20190823_080004",116.971133965999,4.74398796446621,"20190823","0800",57.3527875172602,43.8305597829934
"M3",62,"Spectrogram 1",1,1312.248585914,1313.047839014,786.238,1096.938,0.7993,-46.06,15.74,"2_Pwur_P4","M3_20190823_080004",116.971133965999,4.74398796446621,"20190823","0800",48.3857266447878,43.6597458194615
"M3",63,"Spectrogram 1",1,1314.270035257,1315.111354357,736.526,1007.426,0.8413,-42.33,19.89,"2_Pwur_P5","M3_20190823_080004",116.971133965999,4.74398796446621,"20190823","0800",54.6549841159984,41.026266203583
"M3",69,"Spectrogram 1",1,1332.65,1332.882349352,0,8000,0.2323,-36.24,17.57,"3_Phaser1","M3_20190823_080004",116.971133965999,4.74398796446621,"20190823","0800",40.9676259335272,41.5010819473986
"M3",70,"Spectrogram 1",1,1335.691664249,1337.719440415,0,8000,2.0278,-35.38,19.07,"3_Upsweep1","M3_20190823_080004",116.971133965999,4.74398796446621,"20190823","0800",47.8750889542737,62.015940161182
"M3",71,"Spectrogram 1",1,1339.683848576,1341.825320689,0,8000,2.1415,-35.41,19.36,"3_Downsweep1","M3_20190823_080004",116.971133965999,4.74398796446621,"20190823","0800",47.4375537169185,62.015940161182
"M3",72,"Spectrogram 1",1,1344.711043659,1346.781065159,0,8000,2.07,-35.41,18.64,"3_Upsweep2","M3_20190823_080004",116.971133965999,4.74398796446621,"20190823","0800",47.6657116639511,62.015940161182
"M3",73,"Spectrogram 1",1,1348.663874169,1350.776141009,0,8000,2.1123,-35.54,19.19,"3_Downsweep2","M3_20190823_080004",116.971133965999,4.74398796446621,"20190823","0800",47.0429353082614,62.015940161182
"M3",74,"Spectrogram 1",1,1353.669946579,1355.761090749,0,8000,2.0911,-35.44,18.06,"3_Upsweep3","M3_20190823_080004",116.971133965999,4.74398796446621,"20190823","0800",47.4319806332368,62.015940161182
"M3",75,"Spectrogram 1",1,1357.704376239,1359.816643079,0,8000,2.1123,-35.45,18.86,"3_Downsweep3","M3_20190823_080004",116.971133965999,4.74398796446621,"20190823","0800",47.2815040025362,62.015940161182
"M3",76,"Spectrogram 1",1,1361.707121899,1361.960593919,0,8000,0.2535,-36.32,16.87,"3_Phaser2","M3_20190823_080004",116.971133965999,4.74398796446621,"20190823","0800",39.2431602710335,62.015940161182
"M3",77,"Spectrogram 1",1,1371.036218779,1375.524901599,580,1080.8,4.4887,-43.47,17.17,"3_Hfunstart","M3_20190823_080004",116.971133965999,4.74398796446621,"20190823","0800",43.5545491448106,62.015940161182
"M3",80,"Spectrogram 1",1,1375.569519279,1382.366279029,580,1526.5,6.7968,-40.67,18.53,"3_Hfuntrill","M3_20190823_080004",116.971133965999,4.74398796446621,"20190823","0800",52.7363382555007,44.3239003811081
"M3",81,"Spectrogram 1",1,1391.268806709,1392.042179809,326.7,756.9,0.7734,-47.06,12.29,"3_Pmor_P2","M3_20190823_080004",116.971133965999,4.74398796446621,"20190823","0800",42.7116905759775,45.4273217323035
"M3",82,"Spectrogram 1",1,1393.395582729,1394.377171669,294.8,669.3,0.9816,-47.1,11.96,"3_Pmor_P3","M3_20190823_080004",116.971133965999,4.74398796446621,"20190823","0800",46.2022480349838,45.6455211353028
"M3",83,"Spectrogram 1",1,1395.923917869,1396.741908649,318.7,693.2,0.818,-47.99,12.41,"3_Pmor_P4","M3_20190823_080004",116.971133965999,4.74398796446621,"20190823","0800",42.0125448670777,45.4575367251704
"M3",84,"Spectrogram 1",1,1398.439821669,1399.242939889,278.9,605.5,0.8031,-48.61,10.51,"3_Pmor_P5","M3_20190823_080004",116.971133965999,4.74398796446621,"20190823","0800",43.0311015796138,45.2567772840334
"M3",85,"Spectrogram 1",1,1401.235862879,1402.098471339,294.8,701.1,0.8626,-45.77,13.83,"3_Pmor_P6","M3_20190823_080004",116.971133965999,4.74398796446621,"20190823","0800",38.4153139959586,45.1795854991353
"M3",86,"Spectrogram 1",1,1404.039773909,1405.155215879,255,669.3,1.1154,-50.91,11.09,"3_Pmor_P7","M3_20190823_080004",116.971133965999,4.74398796446621,"20190823","0800",32.4962758839376,45.7014994893734
"M3",90,"Spectrogram 1",1,1437.983321659,1445.176599259,589.6,1381.6,7.1933,-42.67,15.55,"3_Halb_start","M3_20190823_080004",116.971133965999,4.74398796446621,"20190823","0800",38.0855778876602,46.0459962161059
"M3",91,"Spectrogram 1",1,1445.344863059,1450.014183659,748.9,1593.5,4.6693,-37.28,17.73,"3_Halb_peak","M3_20190823_080004",116.971133965999,4.74398796446621,"20190823","0800",56.9046854826233,45.0684412672993
"M3",92,"Spectrogram 1",1,1450.401441759,1453.409157259,358.5,900.3,3.0077,-48.43,10.86,"3_Halb_end","M3_20190823_080004",116.971133965999,4.74398796446621,"20190823","0800",31.775676063045,43.6779904730379
"M3",93,"Spectrogram 1",1,1456.12408468,1456.96540368,661.334,980.034,0.8413,-45.83,13.25,"3_Pwur_P1","M3_20190823_080004",116.971133965999,4.74398796446621,"20190823","0800",46.6917938366265,46.159653671881
"M3",94,"Spectrogram 1",1,1458.066343418,1458.844563518,605.247,1043.447,0.7782,-38.66,16.08,"3_Pwur_P2","M3_20190823_080004",116.971133965999,4.74398796446621,"20190823","0800",57.0078017858315,42.6109243503464
"M3",95,"Spectrogram 1",1,1459.97426508,1460.62628738,609.87,1024.17,0.652,-40.12,15.97,"3_Pwur_P3","M3_20190823_080004",116.971133965999,4.74398796446621,"20190823","0800",57.0468485830838,43.8305597829934
"M3",96,"Spectrogram 1",1,1461.679585914,1462.478839014,786.238,1096.938,0.7993,-45.72,15.52,"3_Pwur_P4","M3_20190823_080004",116.971133965999,4.74398796446621,"20190823","0800",48.7423866579492,43.6597458194615
"M3",97,"Spectrogram 1",1,1463.701035257,1464.542354357,736.526,1007.426,0.8413,-42.49,18.86,"3_Pwur_P5","M3_20190823_080004",116.971133965999,4.74398796446621,"20190823","0800",54.5008205949843,41.026266203583
"M4",1,"Spectrogram 1",1,1033.2,1033.432349352,0,8000,0.2323,-39.86,15.53,"1_Phaser1","M4_20190823_080004",116.970937997103,4.74437898024917,"20190823","0800",35.7688380655417,36.5540604954418
"M4",2,"Spectrogram 1",1,1036.241664249,1038.269440415,0,8000,2.0278,-39.74,16.09,"1_Upsweep1","M4_20190823_080004",116.970937997103,4.74437898024917,"20190823","0800",34.0711194396045,58.677402628591
"M4",3,"Spectrogram 1",1,1040.233848576,1042.375320689,0,8000,2.1415,-39.72,16.16,"1_Downsweep1","M4_20190823_080004",116.970937997103,4.74437898024917,"20190823","0800",34.0511988517579,58.677402628591
"M4",4,"Spectrogram 1",1,1045.261043659,1047.331065159,0,8000,2.07,-39.73,16.71,"1_Upsweep2","M4_20190823_080004",116.970937997103,4.74437898024917,"20190823","0800",34.3065086634817,58.677402628591
"M4",5,"Spectrogram 1",1,1049.213874169,1051.326141009,0,8000,2.1123,-39.64,16.33,"1_Downsweep2","M4_20190823_080004",116.970937997103,4.74437898024917,"20190823","0800",35.7230976797668,58.677402628591
"M4",6,"Spectrogram 1",1,1054.219946579,1056.311090749,0,8000,2.0911,-39.74,16.31,"1_Upsweep3","M4_20190823_080004",116.970937997103,4.74437898024917,"20190823","0800",33.7071007194354,58.677402628591
"M4",7,"Spectrogram 1",1,1058.254376239,1060.366643079,0,8000,2.1123,-39.8,16.22,"1_Downsweep3","M4_20190823_080004",116.970937997103,4.74437898024917,"20190823","0800",33.0125336267801,58.677402628591
"M4",8,"Spectrogram 1",1,1062.257121899,1062.510593919,0,8000,0.2535,-40.26,17,"1_Phaser2","M4_20190823_080004",116.970937997103,4.74437898024917,"20190823","0800",NA,58.677402628591
"M4",9,"Spectrogram 1",1,1071.586218779,1076.074901599,580,1080.8,4.4887,-49.1,14.92,"1_Hfunstart","M4_20190823_080004",116.970937997103,4.74437898024917,"20190823","0800",36.1599566520904,58.677402628591
"M4",12,"Spectrogram 1",1,1076.119519279,1082.916279029,580,1526.5,6.7968,-46.78,17.97,"1_Hfuntrill","M4_20190823_080004",116.970937997103,4.74437898024917,"20190823","0800",47.0169537818319,39.2873816632804
"M4",13,"Spectrogram 1",1,1091.818806709,1092.592179809,326.7,756.9,0.7734,-53.82,12.98,"1_Pmor_P2","M4_20190823_080004",116.970937997103,4.74437898024917,"20190823","0800",35.3591014210719,40.5480738002129
"M4",14,"Spectrogram 1",1,1093.945582729,1094.927171669,294.8,669.3,0.9816,-57.52,10.5,"1_Pmor_P3","M4_20190823_080004",116.970937997103,4.74437898024917,"20190823","0800",29.660348899709,38.8498171947837
"M4",15,"Spectrogram 1",1,1096.473917869,1097.291908649,318.7,693.2,0.818,-56.92,10.49,"1_Pmor_P4","M4_20190823_080004",116.970937997103,4.74437898024917,"20190823","0800",29.4085998917995,38.1490685216879
"M4",16,"Spectrogram 1",1,1098.989821669,1099.792939889,278.9,605.5,0.8031,-59.95,10.97,"1_Pmor_P5","M4_20190823_080004",116.970937997103,4.74437898024917,"20190823","0800",16.2918467813469,38.0990011462287
"M4",17,"Spectrogram 1",1,1101.785862879,1102.648471339,294.8,701.1,0.8626,-56.51,11.43,"1_Pmor_P6","M4_20190823_080004",116.970937997103,4.74437898024917,"20190823","0800",23.9827167786764,37.4814637495029
"M4",18,"Spectrogram 1",1,1104.589773909,1105.705215879,255,669.3,1.1154,-58.03,10.71,"1_Pmor_P7","M4_20190823_080004",116.970937997103,4.74437898024917,"20190823","0800",27.1911022745091,38.5555770740418
"M4",22,"Spectrogram 1",1,1138.533321659,1145.726599259,589.6,1381.6,7.1933,-48.74,12.83,"1_Halb_start","M4_20190823_080004",116.970937997103,4.74437898024917,"20190823","0800",32.9650425505685,38.7445967726838
"M4",23,"Spectrogram 1",1,1145.894863059,1150.564183659,748.9,1593.5,4.6693,-45.4,14.66,"1_Halb_peak","M4_20190823_080004",116.970937997103,4.74437898024917,"20190823","0800",49.9677601392272,40.1070295808827
"M4",24,"Spectrogram 1",1,1150.951441759,1153.959157259,358.5,900.3,3.0077,-52.99,11.49,"1_Halb_end","M4_20190823_080004",116.970937997103,4.74437898024917,"20190823","0800",37.7440880579081,39.1750874742804
"M4",25,"Spectrogram 1",1,1156.67408468,1157.51540368,661.334,980.034,0.8413,-46.94,13.9,"1_Pwur_P1","M4_20190823_080004",116.970937997103,4.74437898024917,"20190823","0800",49.0929244628217,39.9810658958742
"M4",26,"Spectrogram 1",1,1158.616343418,1159.394563518,605.247,1043.447,0.7782,-44.3,16.17,"1_Pwur_P2","M4_20190823_080004",116.970937997103,4.74437898024917,"20190823","0800",51.8294319401438,37.6722828709153
"M4",27,"Spectrogram 1",1,1160.52426508,1161.17628738,609.87,1024.17,0.652,-45.48,18.57,"1_Pwur_P3","M4_20190823_080004",116.970937997103,4.74437898024917,"20190823","0800",51.5214373137202,38.8857105420967
"M4",28,"Spectrogram 1",1,1162.229585914,1163.028839014,786.238,1096.938,0.7993,-51.41,14.88,"1_Pwur_P4","M4_20190823_080004",116.970937997103,4.74437898024917,"20190823","0800",43.091367414829,38.7134103858758
"M4",29,"Spectrogram 1",1,1164.251035257,1165.092354357,736.526,1007.426,0.8413,-48.59,19.53,"1_Pwur_P5","M4_20190823_080004",116.970937997103,4.74437898024917,"20190823","0800",47.8861504031926,36.3290788862936
"M4",35,"Spectrogram 1",1,1182.669,1182.901349352,0,8000,0.2323,-39.92,15.48,"2_Phaser1","M4_20190823_080004",116.970937997103,4.74437898024917,"20190823","0800",37.508759281077,36.5540604954418
"M4",36,"Spectrogram 1",1,1185.710664249,1187.738440415,0,8000,2.0278,-34.34,19.7,"2_Upsweep1","M4_20190823_080004",116.970937997103,4.74437898024917,"20190823","0800",58.5691586905131,58.677402628591
"M4",37,"Spectrogram 1",1,1189.702848576,1191.844320689,0,8000,2.1415,-36.44,18.3,"2_Downsweep1","M4_20190823_080004",116.970937997103,4.74437898024917,"20190823","0800",54.1090619353715,58.677402628591
"M4",38,"Spectrogram 1",1,1194.730043659,1196.800065159,0,8000,2.07,-39.41,16.37,"2_Upsweep2","M4_20190823_080004",116.970937997103,4.74437898024917,"20190823","0800",38.5878679959724,58.677402628591
"M4",39,"Spectrogram 1",1,1198.682874169,1200.795141009,0,8000,2.1123,-32.51,17.62,"2_Downsweep2","M4_20190823_080004",116.970937997103,4.74437898024917,"20190823","0800",66.5429296888405,58.677402628591
"M4",40,"Spectrogram 1",1,1203.688946579,1205.780090749,0,8000,2.0911,-39.62,17.09,"2_Upsweep3","M4_20190823_080004",116.970937997103,4.74437898024917,"20190823","0800",36.4453348252038,58.677402628591
"M4",41,"Spectrogram 1",1,1207.723376239,1209.835643079,0,8000,2.1123,-39.43,16.03,"2_Downsweep3","M4_20190823_080004",116.970937997103,4.74437898024917,"20190823","0800",38.6359632305611,58.677402628591
"M4",42,"Spectrogram 1",1,1211.726121899,1211.979593919,0,8000,0.2535,-40.33,15.19,"2_Phaser2","M4_20190823_080004",116.970937997103,4.74437898024917,"20190823","0800",NA,58.677402628591
"M4",43,"Spectrogram 1",1,1221.055218779,1225.543901599,580,1080.8,4.4887,-48.76,14.97,"2_Hfunstart","M4_20190823_080004",116.970937997103,4.74437898024917,"20190823","0800",37.014257587207,58.677402628591
"M4",46,"Spectrogram 1",1,1225.588519279,1232.385279029,580,1526.5,6.7968,-46.93,18.02,"2_Hfuntrill","M4_20190823_080004",116.970937997103,4.74437898024917,"20190823","0800",47.0265673103329,39.2873816632804
"M4",47,"Spectrogram 1",1,1241.287806709,1242.061179809,326.7,756.9,0.7734,-53.6,12.54,"2_Pmor_P2","M4_20190823_080004",116.970937997103,4.74437898024917,"20190823","0800",36.9532147570989,40.5480738002129
"M4",48,"Spectrogram 1",1,1243.414582729,1244.396171669,294.8,669.3,0.9816,-57.67,10.76,"2_Pmor_P3","M4_20190823_080004",116.970937997103,4.74437898024917,"20190823","0800",29.2395132272923,38.8498171947837
"M4",49,"Spectrogram 1",1,1245.942917869,1246.760908649,318.7,693.2,0.818,-57.35,11.03,"2_Pmor_P4","M4_20190823_080004",116.970937997103,4.74437898024917,"20190823","0800",27.1552367707351,38.1490685216879
"M4",50,"Spectrogram 1",1,1248.458821669,1249.261939889,278.9,605.5,0.8031,-59.59,10.86,"2_Pmor_P5","M4_20190823_080004",116.970937997103,4.74437898024917,"20190823","0800",21.4989710214892,38.0990011462287
"M4",51,"Spectrogram 1",1,1251.254862879,1252.117471339,294.8,701.1,0.8626,-56.68,11.41,"2_Pmor_P6","M4_20190823_080004",116.970937997103,4.74437898024917,"20190823","0800",23.9344179850649,37.4814637495029
"M4",52,"Spectrogram 1",1,1254.058773909,1255.174215879,255,669.3,1.1154,-58.35,10.19,"2_Pmor_P7","M4_20190823_080004",116.970937997103,4.74437898024917,"20190823","0800",22.2116632487064,38.5555770740418
"M4",56,"Spectrogram 1",1,1288.002321659,1295.195599259,589.6,1381.6,7.1933,-49.3,13.36,"2_Halb_start","M4_20190823_080004",116.970937997103,4.74437898024917,"20190823","0800",27.9235505550581,38.7445967726838
"M4",57,"Spectrogram 1",1,1295.363863059,1300.033183659,748.9,1593.5,4.6693,-46.48,15.79,"2_Halb_peak","M4_20190823_080004",116.970937997103,4.74437898024917,"20190823","0800",48.8756843122207,40.1070295808827
"M4",58,"Spectrogram 1",1,1300.420441759,1303.428157259,358.5,900.3,3.0077,-55,11.44,"2_Halb_end","M4_20190823_080004",116.970937997103,4.74437898024917,"20190823","0800",28.4837665392755,39.1750874742804
"M4",59,"Spectrogram 1",1,1306.14308468,1306.98440368,661.334,980.034,0.8413,-48.26,13.89,"2_Pwur_P1","M4_20190823_080004",116.970937997103,4.74437898024917,"20190823","0800",46.56022827446,39.9810658958742
"M4",60,"Spectrogram 1",1,1308.085343418,1308.863563518,605.247,1043.447,0.7782,-45.12,17.35,"2_Pwur_P2","M4_20190823_080004",116.970937997103,4.74437898024917,"20190823","0800",50.897242359989,37.6722828709153
"M4",61,"Spectrogram 1",1,1309.99326508,1310.64528738,609.87,1024.17,0.652,-46.02,17.23,"2_Pwur_P3","M4_20190823_080004",116.970937997103,4.74437898024917,"20190823","0800",50.8338398477778,38.8857105420967
"M4",62,"Spectrogram 1",1,1311.698585914,1312.497839014,786.238,1096.938,0.7993,-51.76,15.06,"2_Pwur_P4","M4_20190823_080004",116.970937997103,4.74437898024917,"20190823","0800",41.9678817306679,38.7134103858758
"M4",63,"Spectrogram 1",1,1313.720035257,1314.561354357,736.526,1007.426,0.8413,-48.51,19.19,"2_Pwur_P5","M4_20190823_080004",116.970937997103,4.74437898024917,"20190823","0800",47.9680553232575,36.3290788862936
"M4",69,"Spectrogram 1",1,1332.1,1332.332349352,0,8000,0.2323,-39.74,16.98,"3_Phaser1","M4_20190823_080004",116.970937997103,4.74437898024917,"20190823","0800",35.9418053829289,36.5540604954418
"M4",70,"Spectrogram 1",1,1335.141664249,1337.169440415,0,8000,2.0278,-39.58,17.56,"3_Upsweep1","M4_20190823_080004",116.970937997103,4.74437898024917,"20190823","0800",36.6638886646871,58.677402628591
"M4",71,"Spectrogram 1",1,1339.133848576,1341.275320689,0,8000,2.1415,-39.54,17.16,"3_Downsweep1","M4_20190823_080004",116.970937997103,4.74437898024917,"20190823","0800",37.6461558544524,58.677402628591
"M4",72,"Spectrogram 1",1,1344.161043659,1346.231065159,0,8000,2.07,-39.37,17.92,"3_Upsweep2","M4_20190823_080004",116.970937997103,4.74437898024917,"20190823","0800",39.232348544411,58.677402628591
"M4",73,"Spectrogram 1",1,1348.113874169,1350.226141009,0,8000,2.1123,-39.53,16.53,"3_Downsweep2","M4_20190823_080004",116.970937997103,4.74437898024917,"20190823","0800",36.9634761399409,58.677402628591
"M4",74,"Spectrogram 1",1,1353.119946579,1355.211090749,0,8000,2.0911,-39.61,16.85,"3_Upsweep3","M4_20190823_080004",116.970937997103,4.74437898024917,"20190823","0800",36.6548021625636,58.677402628591
"M4",75,"Spectrogram 1",1,1357.154376239,1359.266643079,0,8000,2.1123,-39.49,17.14,"3_Downsweep3","M4_20190823_080004",116.970937997103,4.74437898024917,"20190823","0800",37.7412038513777,58.677402628591
"M4",76,"Spectrogram 1",1,1361.157121899,1361.410593919,0,8000,0.2535,-39.72,16.38,"3_Phaser2","M4_20190823_080004",116.970937997103,4.74437898024917,"20190823","0800",35.5378652225144,58.677402628591
"M4",77,"Spectrogram 1",1,1370.486218779,1374.974901599,580,1080.8,4.4887,-48.86,16.47,"3_Hfunstart","M4_20190823_080004",116.970937997103,4.74437898024917,"20190823","0800",38.0375477095216,58.677402628591
"M4",80,"Spectrogram 1",1,1375.019519279,1381.816279029,580,1526.5,6.7968,-46.36,17.79,"3_Hfuntrill","M4_20190823_080004",116.970937997103,4.74437898024917,"20190823","0800",48.0234283136995,39.2873816632804
"M4",81,"Spectrogram 1",1,1390.718806709,1391.492179809,326.7,756.9,0.7734,-53.49,13.26,"3_Pmor_P2","M4_20190823_080004",116.970937997103,4.74437898024917,"20190823","0800",40.7012452636769,40.5480738002129
"M4",82,"Spectrogram 1",1,1392.845582729,1393.827171669,294.8,669.3,0.9816,-58.48,11.06,"3_Pmor_P3","M4_20190823_080004",116.970937997103,4.74437898024917,"20190823","0800",31.8291677847341,38.8498171947837
"M4",83,"Spectrogram 1",1,1395.373917869,1396.191908649,318.7,693.2,0.818,-57.34,11.61,"3_Pmor_P4","M4_20190823_080004",116.970937997103,4.74437898024917,"20190823","0800",26.7716757363699,38.1490685216879
"M4",84,"Spectrogram 1",1,1397.889821669,1398.692939889,278.9,605.5,0.8031,-59.75,10.21,"3_Pmor_P5","M4_20190823_080004",116.970937997103,4.74437898024917,"20190823","0800",21.614869658751,38.0990011462287
"M4",85,"Spectrogram 1",1,1400.685862879,1401.548471339,294.8,701.1,0.8626,-55.74,11.83,"3_Pmor_P6","M4_20190823_080004",116.970937997103,4.74437898024917,"20190823","0800",26.0179843469069,37.4814637495029
"M4",86,"Spectrogram 1",1,1403.489773909,1404.605215879,255,669.3,1.1154,-58.42,10.68,"3_Pmor_P7","M4_20190823_080004",116.970937997103,4.74437898024917,"20190823","0800",23.815379491809,38.5555770740418
"M4",90,"Spectrogram 1",1,1437.433321659,1444.626599259,589.6,1381.6,7.1933,-48.69,15.94,"3_Halb_start","M4_20190823_080004",116.970937997103,4.74437898024917,"20190823","0800",29.188897579772,38.7445967726838
"M4",91,"Spectrogram 1",1,1444.794863059,1449.464183659,748.9,1593.5,4.6693,-45.62,15.98,"3_Halb_peak","M4_20190823_080004",116.970937997103,4.74437898024917,"20190823","0800",49.821508773974,40.1070295808827
"M4",92,"Spectrogram 1",1,1449.851441759,1452.859157259,358.5,900.3,3.0077,-53.55,12,"3_Halb_end","M4_20190823_080004",116.970937997103,4.74437898024917,"20190823","0800",36.3310471562109,39.1750874742804
"M4",93,"Spectrogram 1",1,1455.57408468,1456.41540368,661.334,980.034,0.8413,-48.35,13.19,"3_Pwur_P1","M4_20190823_080004",116.970937997103,4.74437898024917,"20190823","0800",46.355292369112,39.9810658958742
"M4",94,"Spectrogram 1",1,1457.516343418,1458.294563518,605.247,1043.447,0.7782,-44.66,15.98,"3_Pwur_P2","M4_20190823_080004",116.970937997103,4.74437898024917,"20190823","0800",51.5822633435697,37.6722828709153
"M4",95,"Spectrogram 1",1,1459.42426508,1460.07628738,609.87,1024.17,0.652,-45.79,15.96,"3_Pwur_P3","M4_20190823_080004",116.970937997103,4.74437898024917,"20190823","0800",51.161268410699,38.8857105420967
"M4",96,"Spectrogram 1",1,1461.129585914,1461.928839014,786.238,1096.938,0.7993,-50.97,17.02,"3_Pwur_P4","M4_20190823_080004",116.970937997103,4.74437898024917,"20190823","0800",45.6701380181032,38.7134103858758
"M4",97,"Spectrogram 1",1,1463.151035257,1463.992354357,736.526,1007.426,0.8413,-48.11,16.55,"3_Pwur_P5","M4_20190823_080004",116.970937997103,4.74437898024917,"20190823","0800",48.2255541782608,36.3290788862936
"M5",1,"Spectrogram 1",1,1030.3,1030.532349352,0,8000,0.2323,-32.1,16.85,"1_Phaser1","M5_20190823_080008",116.970851998776,4.74482699297369,"20190823","0800",NA,38.696770077139
"M5",2,"Spectrogram 1",1,1033.341664249,1035.369440415,0,8000,2.0278,-32.14,17.31,"1_Upsweep1","M5_20190823_080008",116.970851998776,4.74482699297369,"20190823","0800",26.4876219942341,66.6928804433083
"M5",3,"Spectrogram 1",1,1037.333848576,1039.475320689,0,8000,2.1415,-31.92,17.28,"1_Downsweep1","M5_20190823_080008",116.970851998776,4.74482699297369,"20190823","0800",36.9159282544037,66.6928804433083
"M5",4,"Spectrogram 1",1,1042.361043659,1044.431065159,0,8000,2.07,-32.01,17.7,"1_Upsweep2","M5_20190823_080008",116.970851998776,4.74482699297369,"20190823","0800",34.4144933836406,66.6928804433083
"M5",5,"Spectrogram 1",1,1046.313874169,1048.426141009,0,8000,2.1123,-32.01,17.92,"1_Downsweep2","M5_20190823_080008",116.970851998776,4.74482699297369,"20190823","0800",34.3843036249446,66.6928804433083
"M5",6,"Spectrogram 1",1,1051.319946579,1053.411090749,0,8000,2.0911,-31.97,16.97,"1_Upsweep3","M5_20190823_080008",116.970851998776,4.74482699297369,"20190823","0800",36.0522735683803,66.6928804433083
"M5",7,"Spectrogram 1",1,1055.354376239,1057.466643079,0,8000,2.1123,-31.99,17.17,"1_Downsweep3","M5_20190823_080008",116.970851998776,4.74482699297369,"20190823","0800",34.8429637693616,66.6928804433083
"M5",8,"Spectrogram 1",1,1059.357121899,1059.610593919,0,8000,0.2535,-32.24,17.21,"1_Phaser2","M5_20190823_080008",116.970851998776,4.74482699297369,"20190823","0800",22.1318095623093,66.6928804433083
"M5",9,"Spectrogram 1",1,1068.686218779,1073.174901599,580,1080.8,4.4887,-51.06,13.56,"1_Hfunstart","M5_20190823_080008",116.970851998776,4.74482699297369,"20190823","0800",27.4954661180086,66.6928804433083
"M5",12,"Spectrogram 1",1,1073.219519279,1080.016279029,580,1526.5,6.7968,-51.42,13.79,"1_Hfuntrill","M5_20190823_080008",116.970851998776,4.74482699297369,"20190823","0800",36.3271171394956,41.2734009543483
"M5",13,"Spectrogram 1",1,1088.918806709,1089.692179809,326.7,756.9,0.7734,-53.57,12.22,"1_Pmor_P2","M5_20190823_080008",116.970851998776,4.74482699297369,"20190823","0800",31.8257894865278,42.3752424479283
"M5",14,"Spectrogram 1",1,1091.045582729,1092.027171669,294.8,669.3,0.9816,-55.13,10.15,"1_Pmor_P3","M5_20190823_080008",116.970851998776,4.74482699297369,"20190823","0800",33.7868948281013,40.3919466850129
"M5",15,"Spectrogram 1",1,1093.573917869,1094.391908649,318.7,693.2,0.818,-55.42,10.77,"1_Pmor_P4","M5_20190823_080008",116.970851998776,4.74482699297369,"20190823","0800",32.073729235627,39.3812487309389
"M5",16,"Spectrogram 1",1,1096.089821669,1096.892939889,278.9,605.5,0.8031,-57.36,10.09,"1_Pmor_P5","M5_20190823_080008",116.970851998776,4.74482699297369,"20190823","0800",28.27549367784,39.4349571403166
"M5",17,"Spectrogram 1",1,1098.885862879,1099.748471339,294.8,701.1,0.8626,-54.67,11.47,"1_Pmor_P6","M5_20190823_080008",116.970851998776,4.74482699297369,"20190823","0800",26.5206130459048,38.6566584937989
"M5",18,"Spectrogram 1",1,1101.689773909,1102.805215879,255,669.3,1.1154,-56.85,10.76,"1_Pmor_P7","M5_20190823_080008",116.970851998776,4.74482699297369,"20190823","0800",28.013982077846,39.9199334485134
"M5",22,"Spectrogram 1",1,1135.633321659,1142.826599259,589.6,1381.6,7.1933,-51.66,12.67,"1_Halb_start","M5_20190823_080008",116.970851998776,4.74482699297369,"20190823","0800",30.3536413233842,39.9170297200422
"M5",23,"Spectrogram 1",1,1142.994863059,1147.664183659,748.9,1593.5,4.6693,-51.27,13.18,"1_Halb_peak","M5_20190823_080008",116.970851998776,4.74482699297369,"20190823","0800",39.6965913643948,41.905134566072
"M5",24,"Spectrogram 1",1,1148.051441759,1151.059157259,358.5,900.3,3.0077,-54.12,11,"1_Halb_end","M5_20190823_080008",116.970851998776,4.74482699297369,"20190823","0800",20.3008865105679,40.8992710524154
"M5",25,"Spectrogram 1",1,1153.77408468,1154.61540368,661.334,980.034,0.8413,-56.14,11.65,"1_Pwur_P1","M5_20190823_080008",116.970851998776,4.74482699297369,"20190823","0800",30.5551925178824,41.8531379421794
"M5",26,"Spectrogram 1",1,1155.716343418,1156.494563518,605.247,1043.447,0.7782,-51.37,13.57,"1_Pwur_P2","M5_20190823_080008",116.970851998776,4.74482699297369,"20190823","0800",40.8184357153812,39.7429948176565
"M5",27,"Spectrogram 1",1,1157.62426508,1158.27628738,609.87,1024.17,0.652,-52.08,14.93,"1_Pwur_P3","M5_20190823_080008",116.970851998776,4.74482699297369,"20190823","0800",40.0171087698621,40.8547191654712
"M5",28,"Spectrogram 1",1,1159.329585914,1160.128839014,786.238,1096.938,0.7993,-56.85,11.81,"1_Pwur_P4","M5_20190823_080008",116.970851998776,4.74482699297369,"20190823","0800",31.6218916146392,40.700492342892
"M5",29,"Spectrogram 1",1,1161.351035257,1162.192354357,736.526,1007.426,0.8413,-54.58,14.75,"1_Pwur_P5","M5_20190823_080008",116.970851998776,4.74482699297369,"20190823","0800",37.4960521636263,38.0953619531013
"M5",35,"Spectrogram 1",1,1179.769,1180.001349352,0,8000,0.2323,-31.94,14.65,"2_Phaser1","M5_20190823_080008",116.970851998776,4.74482699297369,"20190823","0800",33.7401030542566,38.696770077139
"M5",36,"Spectrogram 1",1,1182.810664249,1184.838440415,0,8000,2.0278,-32.11,16.77,"2_Upsweep1","M5_20190823_080008",116.970851998776,4.74482699297369,"20190823","0800",28.7702437717587,66.6928804433083
"M5",37,"Spectrogram 1",1,1186.802848576,1188.944320689,0,8000,2.1415,-32.1,16.78,"2_Downsweep1","M5_20190823_080008",116.970851998776,4.74482699297369,"20190823","0800",29.9334008555653,66.6928804433083
"M5",38,"Spectrogram 1",1,1191.830043659,1193.900065159,0,8000,2.07,-32.1,16.18,"2_Upsweep2","M5_20190823_080008",116.970851998776,4.74482699297369,"20190823","0800",28.7163726402653,66.6928804433083
"M5",39,"Spectrogram 1",1,1195.782874169,1197.895141009,0,8000,2.1123,-32.11,16.1,"2_Downsweep2","M5_20190823_080008",116.970851998776,4.74482699297369,"20190823","0800",28.3724101490583,66.6928804433083
"M5",40,"Spectrogram 1",1,1200.788946579,1202.880090749,0,8000,2.0911,-32.11,16.38,"2_Upsweep3","M5_20190823_080008",116.970851998776,4.74482699297369,"20190823","0800",28.5085825922822,66.6928804433083
"M5",41,"Spectrogram 1",1,1204.823376239,1206.935643079,0,8000,2.1123,-32.01,14.64,"2_Downsweep3","M5_20190823_080008",116.970851998776,4.74482699297369,"20190823","0800",34.9750107610856,66.6928804433083
"M5",42,"Spectrogram 1",1,1208.826121899,1209.079593919,0,8000,0.2535,-32.26,15.2,"2_Phaser2","M5_20190823_080008",116.970851998776,4.74482699297369,"20190823","0800",15.8457213202929,66.6928804433083
"M5",43,"Spectrogram 1",1,1218.155218779,1222.643901599,580,1080.8,4.4887,-50.86,12.82,"2_Hfunstart","M5_20190823_080008",116.970851998776,4.74482699297369,"20190823","0800",30.8204447897835,66.6928804433083
"M5",46,"Spectrogram 1",1,1222.688519279,1229.485279029,580,1526.5,6.7968,-50.46,13.26,"2_Hfuntrill","M5_20190823_080008",116.970851998776,4.74482699297369,"20190823","0800",38.6091953428748,41.2734009543483
"M5",47,"Spectrogram 1",1,1238.387806709,1239.161179809,326.7,756.9,0.7734,-52.91,12.48,"2_Pmor_P2","M5_20190823_080008",116.970851998776,4.74482699297369,"20190823","0800",37.490835195145,42.3752424479283
"M5",48,"Spectrogram 1",1,1240.514582729,1241.496171669,294.8,669.3,0.9816,-55.67,11.4,"2_Pmor_P3","M5_20190823_080008",116.970851998776,4.74482699297369,"20190823","0800",33.6408752938215,40.3919466850129
"M5",49,"Spectrogram 1",1,1243.042917869,1243.860908649,318.7,693.2,0.818,-55.57,11.16,"2_Pmor_P4","M5_20190823_080008",116.970851998776,4.74482699297369,"20190823","0800",30.9800723642911,39.3812487309389
"M5",50,"Spectrogram 1",1,1245.558821669,1246.361939889,278.9,605.5,0.8031,-57.64,10.72,"2_Pmor_P5","M5_20190823_080008",116.970851998776,4.74482699297369,"20190823","0800",29.3446588708472,39.4349571403166
"M5",51,"Spectrogram 1",1,1248.354862879,1249.217471339,294.8,701.1,0.8626,-53.32,13.06,"2_Pmor_P6","M5_20190823_080008",116.970851998776,4.74482699297369,"20190823","0800",30.2593158949021,38.6566584937989
"M5",52,"Spectrogram 1",1,1251.158773909,1252.274215879,255,669.3,1.1154,-56.72,10.71,"2_Pmor_P7","M5_20190823_080008",116.970851998776,4.74482699297369,"20190823","0800",27.3625976161257,39.9199334485134
"M5",56,"Spectrogram 1",1,1285.102321659,1292.295599259,589.6,1381.6,7.1933,-51.68,12.59,"2_Halb_start","M5_20190823_080008",116.970851998776,4.74482699297369,"20190823","0800",29.4165974094985,39.9170297200422
"M5",57,"Spectrogram 1",1,1292.463863059,1297.133183659,748.9,1593.5,4.6693,-50.57,13.41,"2_Halb_peak","M5_20190823_080008",116.970851998776,4.74482699297369,"20190823","0800",41.0023601153667,41.905134566072
"M5",58,"Spectrogram 1",1,1297.520441759,1300.528157259,358.5,900.3,3.0077,-55.19,11,"2_Halb_end","M5_20190823_080008",116.970851998776,4.74482699297369,"20190823","0800",26.6781938394292,40.8992710524154
"M5",59,"Spectrogram 1",1,1303.24308468,1304.08440368,661.334,980.034,0.8413,-52.55,12.75,"2_Pwur_P1","M5_20190823_080008",116.970851998776,4.74482699297369,"20190823","0800",39.4289679984645,41.8531379421794
"M5",60,"Spectrogram 1",1,1305.185343418,1305.963563518,605.247,1043.447,0.7782,-51.76,13.76,"2_Pwur_P2","M5_20190823_080008",116.970851998776,4.74482699297369,"20190823","0800",40.7079596248411,39.7429948176565
"M5",61,"Spectrogram 1",1,1307.09326508,1307.74528738,609.87,1024.17,0.652,-52.02,13.39,"2_Pwur_P3","M5_20190823_080008",116.970851998776,4.74482699297369,"20190823","0800",40.8500122936723,40.8547191654712
"M5",62,"Spectrogram 1",1,1308.798585914,1309.597839014,786.238,1096.938,0.7993,-56.47,11.56,"2_Pwur_P4","M5_20190823_080008",116.970851998776,4.74482699297369,"20190823","0800",31.2511998769208,40.700492342892
"M5",63,"Spectrogram 1",1,1310.820035257,1311.661354357,736.526,1007.426,0.8413,-53.86,13.58,"2_Pwur_P5","M5_20190823_080008",116.970851998776,4.74482699297369,"20190823","0800",39.0178200067514,38.0953619531013
"M5",69,"Spectrogram 1",1,1329.2,1329.432349352,0,8000,0.2323,-32.1,16.9,"3_Phaser1","M5_20190823_080008",116.970851998776,4.74482699297369,"20190823","0800",15.9106287877643,38.696770077139
"M5",70,"Spectrogram 1",1,1332.241664249,1334.269440415,0,8000,2.0278,-32.1,18.15,"3_Upsweep1","M5_20190823_080008",116.970851998776,4.74482699297369,"20190823","0800",28.7084048388494,66.6928804433083
"M5",71,"Spectrogram 1",1,1336.233848576,1338.375320689,0,8000,2.1415,-32.04,17.95,"3_Downsweep1","M5_20190823_080008",116.970851998776,4.74482699297369,"20190823","0800",31.8485808662172,66.6928804433083
"M5",72,"Spectrogram 1",1,1341.261043659,1343.331065159,0,8000,2.07,-32.04,18.02,"3_Upsweep2","M5_20190823_080008",116.970851998776,4.74482699297369,"20190823","0800",32.4532794518457,66.6928804433083
"M5",73,"Spectrogram 1",1,1345.213874169,1347.326141009,0,8000,2.1123,-32.05,17.52,"3_Downsweep2","M5_20190823_080008",116.970851998776,4.74482699297369,"20190823","0800",31.7713264994367,66.6928804433083
"M5",74,"Spectrogram 1",1,1350.219946579,1352.311090749,0,8000,2.0911,-32.1,17.5,"3_Upsweep3","M5_20190823_080008",116.970851998776,4.74482699297369,"20190823","0800",28.7767659487029,66.6928804433083
"M5",75,"Spectrogram 1",1,1354.254376239,1356.366643079,0,8000,2.1123,-32.09,17.97,"3_Downsweep3","M5_20190823_080008",116.970851998776,4.74482699297369,"20190823","0800",29.5061398589894,66.6928804433083
"M5",76,"Spectrogram 1",1,1358.257121899,1358.510593919,0,8000,0.2535,-32.01,17.27,"3_Phaser2","M5_20190823_080008",116.970851998776,4.74482699297369,"20190823","0800",31.3742844393392,66.6928804433083
"M5",77,"Spectrogram 1",1,1367.586218779,1372.074901599,580,1080.8,4.4887,-50.45,14.52,"3_Hfunstart","M5_20190823_080008",116.970851998776,4.74482699297369,"20190823","0800",33.6102353771745,66.6928804433083
"M5",80,"Spectrogram 1",1,1372.119519279,1378.916279029,580,1526.5,6.7968,-49.68,15.67,"3_Hfuntrill","M5_20190823_080008",116.970851998776,4.74482699297369,"20190823","0800",42.3236183471234,41.2734009543483
"M5",81,"Spectrogram 1",1,1387.818806709,1388.592179809,326.7,756.9,0.7734,-52.16,13.9,"3_Pmor_P2","M5_20190823_080008",116.970851998776,4.74482699297369,"20190823","0800",42.2281052501385,42.3752424479283
"M5",82,"Spectrogram 1",1,1389.945582729,1390.927171669,294.8,669.3,0.9816,-56.02,10.86,"3_Pmor_P3","M5_20190823_080008",116.970851998776,4.74482699297369,"20190823","0800",35.7575067652202,40.3919466850129
"M5",83,"Spectrogram 1",1,1392.473917869,1393.291908649,318.7,693.2,0.818,-54.29,11.51,"3_Pmor_P4","M5_20190823_080008",116.970851998776,4.74482699297369,"20190823","0800",32.6119217180453,39.3812487309389
"M5",84,"Spectrogram 1",1,1394.989821669,1395.792939889,278.9,605.5,0.8031,-58.03,10.72,"3_Pmor_P5","M5_20190823_080008",116.970851998776,4.74482699297369,"20190823","0800",27.6106800272051,39.4349571403166
"M5",85,"Spectrogram 1",1,1397.785862879,1398.648471339,294.8,701.1,0.8626,-53.82,11.67,"3_Pmor_P6","M5_20190823_080008",116.970851998776,4.74482699297369,"20190823","0800",27.0505587677194,38.6566584937989
"M5",86,"Spectrogram 1",1,1400.589773909,1401.705215879,255,669.3,1.1154,-55.68,10.91,"3_Pmor_P7","M5_20190823_080008",116.970851998776,4.74482699297369,"20190823","0800",32.5297219861306,39.9199334485134
"M5",90,"Spectrogram 1",1,1434.533321659,1441.726599259,589.6,1381.6,7.1933,-50.64,16.58,"3_Halb_start","M5_20190823_080008",116.970851998776,4.74482699297369,"20190823","0800",31.4256176831331,39.9170297200422
"M5",91,"Spectrogram 1",1,1441.894863059,1446.564183659,748.9,1593.5,4.6693,-50.47,14.81,"3_Halb_peak","M5_20190823_080008",116.970851998776,4.74482699297369,"20190823","0800",42.2523707086102,41.905134566072
"M5",92,"Spectrogram 1",1,1446.951441759,1449.959157259,358.5,900.3,3.0077,-52.04,12.49,"3_Halb_end","M5_20190823_080008",116.970851998776,4.74482699297369,"20190823","0800",37.3727626053996,40.8992710524154
"M5",93,"Spectrogram 1",1,1452.67408468,1453.51540368,661.334,980.034,0.8413,-52.39,11.34,"3_Pwur_P1","M5_20190823_080008",116.970851998776,4.74482699297369,"20190823","0800",38.4871903622172,41.8531379421794
"M5",94,"Spectrogram 1",1,1454.616343418,1455.394563518,605.247,1043.447,0.7782,-48.66,14.77,"3_Pwur_P2","M5_20190823_080008",116.970851998776,4.74482699297369,"20190823","0800",45.762191646278,39.7429948176565
"M5",95,"Spectrogram 1",1,1456.52426508,1457.17628738,609.87,1024.17,0.652,-50.83,13.32,"3_Pwur_P3","M5_20190823_080008",116.970851998776,4.74482699297369,"20190823","0800",42.9192868239903,40.8547191654712
"M5",96,"Spectrogram 1",1,1458.229585914,1459.028839014,786.238,1096.938,0.7993,-52.79,15.68,"3_Pwur_P4","M5_20190823_080008",116.970851998776,4.74482699297369,"20190823","0800",41.5749752835101,40.700492342892
"M5",97,"Spectrogram 1",1,1460.251035257,1461.092354357,736.526,1007.426,0.8413,-52.23,12.98,"3_Pwur_P5","M5_20190823_080008",116.970851998776,4.74482699297369,"20190823","0800",41.6803319053386,38.0953619531013
"M6",1,"Spectrogram 1",1,1030.1,1030.332349352,0,8000,0.2323,-33.87,15.37,"1_Phaser1","M6_20190823_080008",116.970960041508,4.74524701014161,"20190823","0800",29.9776747564336,35.3581896021132
"M6",2,"Spectrogram 1",1,1033.141664249,1035.169440415,0,8000,2.0278,-33.81,16.51,"1_Upsweep1","M6_20190823_080008",116.970960041508,4.74524701014161,"20190823","0800",36.0314202587482,58.6489205951355
"M6",3,"Spectrogram 1",1,1037.133848576,1039.275320689,0,8000,2.1415,-33.88,16.6,"1_Downsweep1","M6_20190823_080008",116.970960041508,4.74524701014161,"20190823","0800",31.1974412710409,58.6489205951355
"M6",4,"Spectrogram 1",1,1042.161043659,1044.231065159,0,8000,2.07,-33.78,18.16,"1_Upsweep2","M6_20190823_080008",116.970960041508,4.74524701014161,"20190823","0800",29.6995316339335,58.6489205951355
"M6",5,"Spectrogram 1",1,1046.113874169,1048.226141009,0,8000,2.1123,-33.8,17.33,"1_Downsweep2","M6_20190823_080008",116.970960041508,4.74524701014161,"20190823","0800",36.8334529869697,58.6489205951355
"M6",6,"Spectrogram 1",1,1051.119946579,1053.211090749,0,8000,2.0911,-33.78,17.5,"1_Upsweep3","M6_20190823_080008",116.970960041508,4.74524701014161,"20190823","0800",40.6988211906304,58.6489205951355
"M6",7,"Spectrogram 1",1,1055.154376239,1057.266643079,0,8000,2.1123,-33.81,17.17,"1_Downsweep3","M6_20190823_080008",116.970960041508,4.74524701014161,"20190823","0800",40.1226514039408,58.6489205951355
"M6",8,"Spectrogram 1",1,1059.157121899,1059.410593919,0,8000,0.2535,-33.95,17.26,"1_Phaser2","M6_20190823_080008",116.970960041508,4.74524701014161,"20190823","0800",27.6091254619029,58.6489205951355
"M6",9,"Spectrogram 1",1,1068.486218779,1072.974901599,580,1080.8,4.4887,-52.76,13.08,"1_Hfunstart","M6_20190823_080008",116.970960041508,4.74524701014161,"20190823","0800",24.6928818967602,58.6489205951355
"M6",12,"Spectrogram 1",1,1073.019519279,1079.816279029,580,1526.5,6.7968,-50.43,13.45,"1_Hfuntrill","M6_20190823_080008",116.970960041508,4.74524701014161,"20190823","0800",33.7387048029122,38.2440017460812
"M6",13,"Spectrogram 1",1,1088.718806709,1089.492179809,326.7,756.9,0.7734,-58.31,11.17,"1_Pmor_P2","M6_20190823_080008",116.970960041508,4.74524701014161,"20190823","0800",33.1526496136057,39.8472552439936
"M6",14,"Spectrogram 1",1,1090.845582729,1091.827171669,294.8,669.3,0.9816,-57.93,11.13,"1_Pmor_P3","M6_20190823_080008",116.970960041508,4.74524701014161,"20190823","0800",30.9307033093856,38.2413719925202
"M6",15,"Spectrogram 1",1,1093.373917869,1094.191908649,318.7,693.2,0.818,-55.38,11.14,"1_Pmor_P4","M6_20190823_080008",116.970960041508,4.74524701014161,"20190823","0800",26.6678271315045,37.6394577293419
"M6",16,"Spectrogram 1",1,1095.889821669,1096.692939889,278.9,605.5,0.8031,-58.96,10.09,"1_Pmor_P5","M6_20190823_080008",116.970960041508,4.74524701014161,"20190823","0800",21.9392741059752,37.6357384273708
"M6",17,"Spectrogram 1",1,1098.685862879,1099.548471339,294.8,701.1,0.8626,-57.8,11.22,"1_Pmor_P6","M6_20190823_080008",116.970960041508,4.74524701014161,"20190823","0800",25.0436540470326,37.0250783501688
"M6",18,"Spectrogram 1",1,1101.489773909,1102.605215879,255,669.3,1.1154,-53.74,11.43,"1_Pmor_P7","M6_20190823_080008",116.970960041508,4.74524701014161,"20190823","0800",22.3919679387778,38.0629146816947
"M6",22,"Spectrogram 1",1,1135.433321659,1142.626599259,589.6,1381.6,7.1933,-50.98,13.01,"1_Halb_start","M6_20190823_080008",116.970960041508,4.74524701014161,"20190823","0800",27.7674494334152,38.1904988327946
"M6",23,"Spectrogram 1",1,1142.794863059,1147.464183659,748.9,1593.5,4.6693,-51.63,13.8,"1_Halb_peak","M6_20190823_080008",116.970960041508,4.74524701014161,"20190823","0800",36.2299312393085,39.1153081920044
"M6",24,"Spectrogram 1",1,1147.851441759,1150.859157259,358.5,900.3,3.0077,-55.69,10.94,"1_Halb_end","M6_20190823_080008",116.970960041508,4.74524701014161,"20190823","0800",16.6816371741428,38.4583527469753
"M6",25,"Spectrogram 1",1,1153.57408468,1154.41540368,661.334,980.034,0.8413,-60.27,11.37,"1_Pwur_P1","M6_20190823_080008",116.970960041508,4.74524701014161,"20190823","0800",28.6056941263772,39.348653464451
"M6",26,"Spectrogram 1",1,1155.516343418,1156.294563518,605.247,1043.447,0.7782,-56.26,12.77,"1_Pwur_P2","M6_20190823_080008",116.970960041508,4.74524701014161,"20190823","0800",35.1000144402936,36.4700738358203
"M6",27,"Spectrogram 1",1,1157.42426508,1158.07628738,609.87,1024.17,0.652,-56.93,12.13,"1_Pwur_P3","M6_20190823_080008",116.970960041508,4.74524701014161,"20190823","0800",33.2797395845424,37.8454223304197
"M6",28,"Spectrogram 1",1,1159.129585914,1159.928839014,786.238,1096.938,0.7993,-61.25,12.67,"1_Pwur_P4","M6_20190823_080008",116.970960041508,4.74524701014161,"20190823","0800",25.3360995998169,37.6603632223345
"M6",29,"Spectrogram 1",1,1161.151035257,1161.992354357,736.526,1007.426,0.8413,-61.76,12.98,"1_Pwur_P5","M6_20190823_080008",116.970960041508,4.74524701014161,"20190823","0800",31.1115665853122,34.9086441393895
"M6",35,"Spectrogram 1",1,1179.569,1179.801349352,0,8000,0.2323,-33.87,16.37,"2_Phaser1","M6_20190823_080008",116.970960041508,4.74524701014161,"20190823","0800",23.5917015830155,35.3581896021132
"M6",36,"Spectrogram 1",1,1182.610664249,1184.638440415,0,8000,2.0278,-33.78,17.66,"2_Upsweep1","M6_20190823_080008",116.970960041508,4.74524701014161,"20190823","0800",28.3925584021679,58.6489205951355
"M6",37,"Spectrogram 1",1,1186.602848576,1188.744320689,0,8000,2.1415,-33.79,17.92,"2_Downsweep1","M6_20190823_080008",116.970960041508,4.74524701014161,"20190823","0800",25.2393742829047,58.6489205951355
"M6",38,"Spectrogram 1",1,1191.630043659,1193.700065159,0,8000,2.07,-33.78,17.86,"2_Upsweep2","M6_20190823_080008",116.970960041508,4.74524701014161,"20190823","0800",20.3836359331778,58.6489205951355
"M6",39,"Spectrogram 1",1,1195.582874169,1197.695141009,0,8000,2.1123,-33.77,17.92,"2_Downsweep2","M6_20190823_080008",116.970960041508,4.74524701014161,"20190823","0800",24.6863030421321,58.6489205951355
"M6",40,"Spectrogram 1",1,1200.588946579,1202.680090749,0,8000,2.0911,-33.78,17.7,"2_Upsweep3","M6_20190823_080008",116.970960041508,4.74524701014161,"20190823","0800",30.624107598948,58.6489205951355
"M6",41,"Spectrogram 1",1,1204.623376239,1206.735643079,0,8000,2.1123,-33.74,17.77,"2_Downsweep3","M6_20190823_080008",116.970960041508,4.74524701014161,"20190823","0800",28.1444238238183,58.6489205951355
"M6",42,"Spectrogram 1",1,1208.626121899,1208.879593919,0,8000,0.2535,-33.87,16.71,"2_Phaser2","M6_20190823_080008",116.970960041508,4.74524701014161,"20190823","0800",34.3416512615798,58.6489205951355
"M6",43,"Spectrogram 1",1,1217.955218779,1222.443901599,580,1080.8,4.4887,-56.98,12.2,"2_Hfunstart","M6_20190823_080008",116.970960041508,4.74524701014161,"20190823","0800",31.7404820020204,58.6489205951355
"M6",46,"Spectrogram 1",1,1222.488519279,1229.285279029,580,1526.5,6.7968,-51.44,14.22,"2_Hfuntrill","M6_20190823_080008",116.970960041508,4.74524701014161,"20190823","0800",34.1334474412715,38.2440017460812
"M6",47,"Spectrogram 1",1,1238.187806709,1238.961179809,326.7,756.9,0.7734,-53.03,11.75,"2_Pmor_P2","M6_20190823_080008",116.970960041508,4.74524701014161,"20190823","0800",29.8306569341434,39.8472552439936
"M6",48,"Spectrogram 1",1,1240.314582729,1241.296171669,294.8,669.3,0.9816,-54.91,12.19,"2_Pmor_P3","M6_20190823_080008",116.970960041508,4.74524701014161,"20190823","0800",25.4383033771139,38.2413719925202
"M6",49,"Spectrogram 1",1,1242.842917869,1243.660908649,318.7,693.2,0.818,-57.34,10.78,"2_Pmor_P4","M6_20190823_080008",116.970960041508,4.74524701014161,"20190823","0800",23.3112038641275,37.6394577293419
"M6",50,"Spectrogram 1",1,1245.358821669,1246.161939889,278.9,605.5,0.8031,-59.25,11.18,"2_Pmor_P5","M6_20190823_080008",116.970960041508,4.74524701014161,"20190823","0800",19.6403457813915,37.6357384273708
"M6",51,"Spectrogram 1",1,1248.154862879,1249.017471339,294.8,701.1,0.8626,-55.72,10.71,"2_Pmor_P6","M6_20190823_080008",116.970960041508,4.74524701014161,"20190823","0800",31.0448218149057,37.0250783501688
"M6",52,"Spectrogram 1",1,1250.958773909,1252.074215879,255,669.3,1.1154,-56.09,11.66,"2_Pmor_P7","M6_20190823_080008",116.970960041508,4.74524701014161,"20190823","0800",17.5591231809647,38.0629146816947
"M6",56,"Spectrogram 1",1,1284.902321659,1292.095599259,589.6,1381.6,7.1933,-51.54,13.38,"2_Halb_start","M6_20190823_080008",116.970960041508,4.74524701014161,"20190823","0800",28.8290449199069,38.1904988327946
"M6",57,"Spectrogram 1",1,1292.263863059,1296.933183659,748.9,1593.5,4.6693,-51.79,13.82,"2_Halb_peak","M6_20190823_080008",116.970960041508,4.74524701014161,"20190823","0800",44.4482877103565,39.1153081920044
"M6",58,"Spectrogram 1",1,1297.320441759,1300.328157259,358.5,900.3,3.0077,-54.44,12.36,"2_Halb_end","M6_20190823_080008",116.970960041508,4.74524701014161,"20190823","0800",32.4381555716553,38.4583527469753
"M6",59,"Spectrogram 1",1,1303.04308468,1303.88440368,661.334,980.034,0.8413,-63.31,10.41,"2_Pwur_P1","M6_20190823_080008",116.970960041508,4.74524701014161,"20190823","0800",37.7392702005779,39.348653464451
"M6",60,"Spectrogram 1",1,1304.985343418,1305.763563518,605.247,1043.447,0.7782,-55.95,11.95,"2_Pwur_P2","M6_20190823_080008",116.970960041508,4.74524701014161,"20190823","0800",33.928047148297,36.4700738358203
"M6",61,"Spectrogram 1",1,1306.89326508,1307.54528738,609.87,1024.17,0.652,-55.27,12.76,"2_Pwur_P3","M6_20190823_080008",116.970960041508,4.74524701014161,"20190823","0800",36.8164793756827,37.8454223304197
"M6",62,"Spectrogram 1",1,1308.598585914,1309.397839014,786.238,1096.938,0.7993,-65.37,11.8,"2_Pwur_P4","M6_20190823_080008",116.970960041508,4.74524701014161,"20190823","0800",24.4056270759804,37.6603632223345
"M6",63,"Spectrogram 1",1,1310.620035257,1311.461354357,736.526,1007.426,0.8413,-62.19,11.79,"2_Pwur_P5","M6_20190823_080008",116.970960041508,4.74524701014161,"20190823","0800",32.3081561135993,34.9086441393895
"M6",69,"Spectrogram 1",1,1329,1329.232349352,0,8000,0.2323,-33.94,15.53,"3_Phaser1","M6_20190823_080008",116.970960041508,4.74524701014161,"20190823","0800",20.6114107553793,35.3581896021132
"M6",70,"Spectrogram 1",1,1332.041664249,1334.069440415,0,8000,2.0278,-33.85,16.95,"3_Upsweep1","M6_20190823_080008",116.970960041508,4.74524701014161,"20190823","0800",37.8281266217293,58.6489205951355
"M6",71,"Spectrogram 1",1,1336.033848576,1338.175320689,0,8000,2.1415,-33.79,16.7,"3_Downsweep1","M6_20190823_080008",116.970960041508,4.74524701014161,"20190823","0800",33.6760151695,58.6489205951355
"M6",72,"Spectrogram 1",1,1341.061043659,1343.131065159,0,8000,2.07,-33.68,17.93,"3_Upsweep2","M6_20190823_080008",116.970960041508,4.74524701014161,"20190823","0800",47.6629812728175,58.6489205951355
"M6",73,"Spectrogram 1",1,1345.013874169,1347.126141009,0,8000,2.1123,-33.42,18.09,"3_Downsweep2","M6_20190823_080008",116.970960041508,4.74524701014161,"20190823","0800",32.767453306756,58.6489205951355
"M6",74,"Spectrogram 1",1,1350.019946579,1352.111090749,0,8000,2.0911,-33.46,17.05,"3_Upsweep3","M6_20190823_080008",116.970960041508,4.74524701014161,"20190823","0800",15.9455342699993,58.6489205951355
"M6",75,"Spectrogram 1",1,1354.054376239,1356.166643079,0,8000,2.1123,-33.49,17.27,"3_Downsweep3","M6_20190823_080008",116.970960041508,4.74524701014161,"20190823","0800",27.2468720739146,58.6489205951355
"M6",76,"Spectrogram 1",1,1358.057121899,1358.310593919,0,8000,0.2535,-32.61,18.18,"3_Phaser2","M6_20190823_080008",116.970960041508,4.74524701014161,"20190823","0800",21.7227282280353,58.6489205951355
"M6",77,"Spectrogram 1",1,1367.386218779,1371.874901599,580,1080.8,4.4887,-57.4,12.11,"3_Hfunstart","M6_20190823_080008",116.970960041508,4.74524701014161,"20190823","0800",30.1199220307417,58.6489205951355
"M6",80,"Spectrogram 1",1,1371.919519279,1378.716279029,580,1526.5,6.7968,-53.34,15.57,"3_Hfuntrill","M6_20190823_080008",116.970960041508,4.74524701014161,"20190823","0800",38.5773219137266,38.2440017460812
"M6",81,"Spectrogram 1",1,1387.618806709,1388.392179809,326.7,756.9,0.7734,-57.04,10.98,"3_Pmor_P2","M6_20190823_080008",116.970960041508,4.74524701014161,"20190823","0800",37.8979054959007,39.8472552439936
"M6",82,"Spectrogram 1",1,1389.745582729,1390.727171669,294.8,669.3,0.9816,-59.28,10.67,"3_Pmor_P3","M6_20190823_080008",116.970960041508,4.74524701014161,"20190823","0800",31.2139647238808,38.2413719925202
"M6",83,"Spectrogram 1",1,1392.273917869,1393.091908649,318.7,693.2,0.818,-57.13,12.09,"3_Pmor_P4","M6_20190823_080008",116.970960041508,4.74524701014161,"20190823","0800",33.5423503054569,37.6394577293419
"M6",84,"Spectrogram 1",1,1394.789821669,1395.592939889,278.9,605.5,0.8031,-59.4,10.49,"3_Pmor_P5","M6_20190823_080008",116.970960041508,4.74524701014161,"20190823","0800",17.5109062609447,37.6357384273708
"M6",85,"Spectrogram 1",1,1397.585862879,1398.448471339,294.8,701.1,0.8626,-57.02,11.41,"3_Pmor_P6","M6_20190823_080008",116.970960041508,4.74524701014161,"20190823","0800",27.4678998359921,37.0250783501688
"M6",86,"Spectrogram 1",1,1400.389773909,1401.505215879,255,669.3,1.1154,-56.61,11.08,"3_Pmor_P7","M6_20190823_080008",116.970960041508,4.74524701014161,"20190823","0800",8.39451059347609,38.0629146816947
"M6",90,"Spectrogram 1",1,1434.333321659,1441.526599259,589.6,1381.6,7.1933,-54.96,14.88,"3_Halb_start","M6_20190823_080008",116.970960041508,4.74524701014161,"20190823","0800",30.1302235320953,38.1904988327946
"M6",91,"Spectrogram 1",1,1441.694863059,1446.364183659,748.9,1593.5,4.6693,-52.72,13.86,"3_Halb_peak","M6_20190823_080008",116.970960041508,4.74524701014161,"20190823","0800",36.89413130645,39.1153081920044
"M6",92,"Spectrogram 1",1,1446.751441759,1449.759157259,358.5,900.3,3.0077,-56.07,11.63,"3_Halb_end","M6_20190823_080008",116.970960041508,4.74524701014161,"20190823","0800",35.207624666444,38.4583527469753
"M6",93,"Spectrogram 1",1,1452.47408468,1453.31540368,661.334,980.034,0.8413,-57.62,11.86,"3_Pwur_P1","M6_20190823_080008",116.970960041508,4.74524701014161,"20190823","0800",35.2233927597461,39.348653464451
"M6",94,"Spectrogram 1",1,1454.416343418,1455.194563518,605.247,1043.447,0.7782,-56.91,11.29,"3_Pwur_P2","M6_20190823_080008",116.970960041508,4.74524701014161,"20190823","0800",41.413993732481,36.4700738358203
"M6",95,"Spectrogram 1",1,1456.32426508,1456.97628738,609.87,1024.17,0.652,-56.62,10.89,"3_Pwur_P3","M6_20190823_080008",116.970960041508,4.74524701014161,"20190823","0800",35.8413976771215,37.8454223304197
"M6",96,"Spectrogram 1",1,1458.029585914,1458.828839014,786.238,1096.938,0.7993,-56.69,13.7,"3_Pwur_P4","M6_20190823_080008",116.970960041508,4.74524701014161,"20190823","0800",38.1155253275715,37.6603632223345
"M6",97,"Spectrogram 1",1,1460.051035257,1460.892354357,736.526,1007.426,0.8413,-59.47,10.42,"3_Pwur_P5","M6_20190823_080008",116.970960041508,4.74524701014161,"20190823","0800",34.9454742113975,34.9086441393895
